ISO-10303-21;
HEADER;
/* Generated by software containing ST-Developer
 * from STEP Tools, Inc. (www.steptools.com) 
 */

FILE_DESCRIPTION(
/* description */ (''),
/* implementation_level */ '2;1');

FILE_NAME(
/* name */ 'shackswitch-r4-rear-panel.step',
/* time_stamp */ '2026-05-20T00:23:35-04:00',
/* author */ (''),
/* organization */ (''),
/* preprocessor_version */ 'ST-DEVELOPER v20.1',
/* originating_system */ 'Autodesk Translation Framework v15.8.0.0',
/* authorisation */ '');

FILE_SCHEMA (('AUTOMOTIVE_DESIGN { 1 0 10303 214 3 1 1 }','TECHNICAL_DATA_PACKAGING'));
ENDSEC;

DATA;
#10=MECHANICAL_DESIGN_GEOMETRIC_PRESENTATION_REPRESENTATION('',(#13,#14,
#15,#16),#2639);
#11=SHAPE_REPRESENTATION_RELATIONSHIP('SRR','None',#2646,#12);
#12=ADVANCED_BREP_SHAPE_REPRESENTATION('',(#17,#18,#19,#20),#2638);
#13=STYLED_ITEM('',(#2655),#17);
#14=STYLED_ITEM('',(#2655),#18);
#15=STYLED_ITEM('',(#2655),#19);
#16=STYLED_ITEM('',(#2655),#20);
#17=MANIFOLD_SOLID_BREP('Body1',#1532);
#18=MANIFOLD_SOLID_BREP('Body2',#1533);
#19=MANIFOLD_SOLID_BREP('Body3',#1534);
#20=MANIFOLD_SOLID_BREP('Body4',#1535);
#21=FACE_BOUND('',#513,.T.);
#22=FACE_BOUND('',#514,.T.);
#23=FACE_BOUND('',#515,.T.);
#24=FACE_BOUND('',#516,.T.);
#25=FACE_BOUND('',#517,.T.);
#26=FACE_BOUND('',#518,.T.);
#27=FACE_BOUND('',#519,.T.);
#28=FACE_BOUND('',#520,.T.);
#29=FACE_BOUND('',#521,.T.);
#30=FACE_BOUND('',#522,.T.);
#31=FACE_BOUND('',#523,.T.);
#32=FACE_BOUND('',#524,.T.);
#33=FACE_BOUND('',#540,.T.);
#34=FACE_BOUND('',#543,.T.);
#35=FACE_BOUND('',#546,.T.);
#36=FACE_BOUND('',#549,.T.);
#37=FACE_BOUND('',#551,.T.);
#38=FACE_BOUND('',#565,.T.);
#39=FACE_BOUND('',#566,.T.);
#40=FACE_BOUND('',#585,.T.);
#41=FACE_BOUND('',#586,.T.);
#42=FACE_BOUND('',#587,.T.);
#43=FACE_BOUND('',#588,.T.);
#44=FACE_BOUND('',#589,.T.);
#45=FACE_BOUND('',#590,.T.);
#46=FACE_BOUND('',#591,.T.);
#47=FACE_BOUND('',#592,.T.);
#48=FACE_BOUND('',#593,.T.);
#49=FACE_BOUND('',#594,.T.);
#50=FACE_BOUND('',#595,.T.);
#51=FACE_BOUND('',#596,.T.);
#52=FACE_BOUND('',#597,.T.);
#53=FACE_BOUND('',#598,.T.);
#54=FACE_BOUND('',#599,.T.);
#55=FACE_BOUND('',#600,.T.);
#56=FACE_BOUND('',#601,.T.);
#57=FACE_BOUND('',#623,.T.);
#58=FACE_BOUND('',#625,.T.);
#59=CONICAL_SURFACE('',#1561,2.25,0.785398163397447);
#60=CONICAL_SURFACE('',#1585,2.25,0.785398163397449);
#61=CONICAL_SURFACE('',#1592,0.63225,1.02974425867665);
#62=CONICAL_SURFACE('',#1596,0.63225,1.02974425867665);
#63=CONICAL_SURFACE('',#1600,0.63225,1.02974425867665);
#64=CONICAL_SURFACE('',#1604,0.63225,1.02974425867665);
#65=PLANE('',#1557);
#66=PLANE('',#1571);
#67=PLANE('',#1589);
#68=PLANE('',#1611);
#69=PLANE('',#1615);
#70=PLANE('',#1619);
#71=PLANE('',#1623);
#72=PLANE('',#1624);
#73=PLANE('',#1625);
#74=PLANE('',#1626);
#75=PLANE('',#1627);
#76=PLANE('',#1628);
#77=PLANE('',#1629);
#78=PLANE('',#1630);
#79=PLANE('',#1631);
#80=PLANE('',#1632);
#81=PLANE('',#1633);
#82=PLANE('',#1634);
#83=PLANE('',#1635);
#84=PLANE('',#1636);
#85=PLANE('',#1637);
#86=PLANE('',#1638);
#87=PLANE('',#1639);
#88=PLANE('',#1640);
#89=PLANE('',#1641);
#90=PLANE('',#1642);
#91=PLANE('',#1643);
#92=PLANE('',#1644);
#93=PLANE('',#1645);
#94=PLANE('',#1664);
#95=PLANE('',#1665);
#96=PLANE('',#1666);
#97=PLANE('',#1667);
#98=PLANE('',#1668);
#99=PLANE('',#1669);
#100=PLANE('',#1670);
#101=PLANE('',#1671);
#102=PLANE('',#1672);
#103=PLANE('',#1673);
#104=PLANE('',#1674);
#105=PLANE('',#1675);
#106=PLANE('',#1676);
#107=PLANE('',#1677);
#108=PLANE('',#1681);
#109=PLANE('',#1685);
#110=PLANE('',#1686);
#111=PLANE('',#1687);
#112=PLANE('',#1688);
#113=PLANE('',#1689);
#114=PLANE('',#1690);
#115=LINE('',#2139,#254);
#116=LINE('',#2141,#255);
#117=LINE('',#2173,#256);
#118=LINE('',#2175,#257);
#119=LINE('',#2176,#258);
#120=LINE('',#2199,#259);
#121=LINE('',#2217,#260);
#122=LINE('',#2221,#261);
#123=LINE('',#2225,#262);
#124=LINE('',#2260,#263);
#125=LINE('',#2262,#264);
#126=LINE('',#2264,#265);
#127=LINE('',#2265,#266);
#128=LINE('',#2289,#267);
#129=LINE('',#2291,#268);
#130=LINE('',#2293,#269);
#131=LINE('',#2294,#270);
#132=LINE('',#2297,#271);
#133=LINE('',#2299,#272);
#134=LINE('',#2301,#273);
#135=LINE('',#2302,#274);
#136=LINE('',#2305,#275);
#137=LINE('',#2323,#276);
#138=LINE('',#2327,#277);
#139=LINE('',#2331,#278);
#140=LINE('',#2332,#279);
#141=LINE('',#2339,#280);
#142=LINE('',#2343,#281);
#143=LINE('',#2348,#282);
#144=LINE('',#2352,#283);
#145=LINE('',#2357,#284);
#146=LINE('',#2361,#285);
#147=LINE('',#2366,#286);
#148=LINE('',#2370,#287);
#149=LINE('',#2375,#288);
#150=LINE('',#2382,#289);
#151=LINE('',#2389,#290);
#152=LINE('',#2396,#291);
#153=LINE('',#2402,#292);
#154=LINE('',#2404,#293);
#155=LINE('',#2406,#294);
#156=LINE('',#2407,#295);
#157=LINE('',#2410,#296);
#158=LINE('',#2412,#297);
#159=LINE('',#2414,#298);
#160=LINE('',#2415,#299);
#161=LINE('',#2419,#300);
#162=LINE('',#2421,#301);
#163=LINE('',#2423,#302);
#164=LINE('',#2424,#303);
#165=LINE('',#2427,#304);
#166=LINE('',#2429,#305);
#167=LINE('',#2430,#306);
#168=LINE('',#2433,#307);
#169=LINE('',#2435,#308);
#170=LINE('',#2436,#309);
#171=LINE('',#2439,#310);
#172=LINE('',#2440,#311);
#173=LINE('',#2443,#312);
#174=LINE('',#2444,#313);
#175=LINE('',#2446,#314);
#176=LINE('',#2449,#315);
#177=LINE('',#2451,#316);
#178=LINE('',#2452,#317);
#179=LINE('',#2455,#318);
#180=LINE('',#2456,#319);
#181=LINE('',#2459,#320);
#182=LINE('',#2460,#321);
#183=LINE('',#2462,#322);
#184=LINE('',#2465,#323);
#185=LINE('',#2467,#324);
#186=LINE('',#2468,#325);
#187=LINE('',#2470,#326);
#188=LINE('',#2471,#327);
#189=LINE('',#2476,#328);
#190=LINE('',#2477,#329);
#191=LINE('',#2478,#330);
#192=LINE('',#2481,#331);
#193=LINE('',#2482,#332);
#194=LINE('',#2485,#333);
#195=LINE('',#2486,#334);
#196=LINE('',#2488,#335);
#197=LINE('',#2490,#336);
#198=LINE('',#2491,#337);
#199=LINE('',#2493,#338);
#200=LINE('',#2495,#339);
#201=LINE('',#2500,#340);
#202=LINE('',#2504,#341);
#203=LINE('',#2508,#342);
#204=LINE('',#2512,#343);
#205=LINE('',#2516,#344);
#206=LINE('',#2520,#345);
#207=LINE('',#2524,#346);
#208=LINE('',#2528,#347);
#209=LINE('',#2532,#348);
#210=LINE('',#2537,#349);
#211=LINE('',#2539,#350);
#212=LINE('',#2541,#351);
#213=LINE('',#2542,#352);
#214=LINE('',#2545,#353);
#215=LINE('',#2547,#354);
#216=LINE('',#2548,#355);
#217=LINE('',#2551,#356);
#218=LINE('',#2553,#357);
#219=LINE('',#2554,#358);
#220=LINE('',#2556,#359);
#221=LINE('',#2557,#360);
#222=LINE('',#2563,#361);
#223=LINE('',#2565,#362);
#224=LINE('',#2567,#363);
#225=LINE('',#2568,#364);
#226=LINE('',#2571,#365);
#227=LINE('',#2573,#366);
#228=LINE('',#2574,#367);
#229=LINE('',#2577,#368);
#230=LINE('',#2579,#369);
#231=LINE('',#2580,#370);
#232=LINE('',#2582,#371);
#233=LINE('',#2583,#372);
#234=LINE('',#2589,#373);
#235=LINE('',#2591,#374);
#236=LINE('',#2593,#375);
#237=LINE('',#2594,#376);
#238=LINE('',#2600,#377);
#239=LINE('',#2603,#378);
#240=LINE('',#2605,#379);
#241=LINE('',#2606,#380);
#242=LINE('',#2613,#381);
#243=LINE('',#2615,#382);
#244=LINE('',#2617,#383);
#245=LINE('',#2618,#384);
#246=LINE('',#2621,#385);
#247=LINE('',#2623,#386);
#248=LINE('',#2624,#387);
#249=LINE('',#2627,#388);
#250=LINE('',#2629,#389);
#251=LINE('',#2630,#390);
#252=LINE('',#2632,#391);
#253=LINE('',#2633,#392);
#254=VECTOR('',#1703,10.);
#255=VECTOR('',#1704,10.);
#256=VECTOR('',#1713,10.);
#257=VECTOR('',#1714,10.);
#258=VECTOR('',#1715,10.);
#259=VECTOR('',#1720,10.);
#260=VECTOR('',#1727,2.25);
#261=VECTOR('',#1732,10.);
#262=VECTOR('',#1735,10.);
#263=VECTOR('',#1748,10.);
#264=VECTOR('',#1749,10.);
#265=VECTOR('',#1750,10.);
#266=VECTOR('',#1751,10.);
#267=VECTOR('',#1774,10.);
#268=VECTOR('',#1775,10.);
#269=VECTOR('',#1776,10.);
#270=VECTOR('',#1777,10.);
#271=VECTOR('',#1778,10.);
#272=VECTOR('',#1779,10.);
#273=VECTOR('',#1780,10.);
#274=VECTOR('',#1781,10.);
#275=VECTOR('',#1784,1.75);
#276=VECTOR('',#1789,2.25);
#277=VECTOR('',#1794,1.75);
#278=VECTOR('',#1799,10.);
#279=VECTOR('',#1800,10.);
#280=VECTOR('',#1809,0.63225);
#281=VECTOR('',#1814,1.2645);
#282=VECTOR('',#1819,0.63225);
#283=VECTOR('',#1824,1.2645);
#284=VECTOR('',#1829,0.63225);
#285=VECTOR('',#1834,1.2645);
#286=VECTOR('',#1839,0.63225);
#287=VECTOR('',#1844,1.2645);
#288=VECTOR('',#1849,4.);
#289=VECTOR('',#1858,4.);
#290=VECTOR('',#1867,4.);
#291=VECTOR('',#1876,4.);
#292=VECTOR('',#1883,10.);
#293=VECTOR('',#1884,10.);
#294=VECTOR('',#1885,10.);
#295=VECTOR('',#1886,10.);
#296=VECTOR('',#1887,10.);
#297=VECTOR('',#1888,10.);
#298=VECTOR('',#1889,10.);
#299=VECTOR('',#1890,10.);
#300=VECTOR('',#1893,10.);
#301=VECTOR('',#1894,10.);
#302=VECTOR('',#1895,10.);
#303=VECTOR('',#1896,10.);
#304=VECTOR('',#1899,10.);
#305=VECTOR('',#1900,10.);
#306=VECTOR('',#1901,10.);
#307=VECTOR('',#1904,10.);
#308=VECTOR('',#1905,10.);
#309=VECTOR('',#1906,10.);
#310=VECTOR('',#1909,10.);
#311=VECTOR('',#1910,10.);
#312=VECTOR('',#1913,10.);
#313=VECTOR('',#1914,10.);
#314=VECTOR('',#1917,10.);
#315=VECTOR('',#1920,10.);
#316=VECTOR('',#1921,10.);
#317=VECTOR('',#1922,10.);
#318=VECTOR('',#1925,10.);
#319=VECTOR('',#1926,10.);
#320=VECTOR('',#1929,10.);
#321=VECTOR('',#1930,10.);
#322=VECTOR('',#1933,10.);
#323=VECTOR('',#1936,10.);
#324=VECTOR('',#1937,10.);
#325=VECTOR('',#1938,10.);
#326=VECTOR('',#1941,10.);
#327=VECTOR('',#1942,10.);
#328=VECTOR('',#1947,10.);
#329=VECTOR('',#1948,10.);
#330=VECTOR('',#1949,10.);
#331=VECTOR('',#1952,10.);
#332=VECTOR('',#1953,10.);
#333=VECTOR('',#1956,10.);
#334=VECTOR('',#1957,10.);
#335=VECTOR('',#1960,10.);
#336=VECTOR('',#1963,10.);
#337=VECTOR('',#1964,10.);
#338=VECTOR('',#1967,10.);
#339=VECTOR('',#1970,10.);
#340=VECTOR('',#1977,1.5875);
#341=VECTOR('',#1982,8.5);
#342=VECTOR('',#1987,1.58750000000001);
#343=VECTOR('',#1992,8.50000000000001);
#344=VECTOR('',#1997,8.50000000000001);
#345=VECTOR('',#2002,1.58749999999998);
#346=VECTOR('',#2007,8.5);
#347=VECTOR('',#2012,8.50000000000001);
#348=VECTOR('',#2017,1.58750000000001);
#349=VECTOR('',#2022,10.);
#350=VECTOR('',#2023,10.);
#351=VECTOR('',#2024,10.);
#352=VECTOR('',#2025,10.);
#353=VECTOR('',#2028,10.);
#354=VECTOR('',#2029,10.);
#355=VECTOR('',#2030,10.);
#356=VECTOR('',#2033,10.);
#357=VECTOR('',#2034,10.);
#358=VECTOR('',#2035,10.);
#359=VECTOR('',#2038,10.);
#360=VECTOR('',#2039,10.);
#361=VECTOR('',#2046,10.);
#362=VECTOR('',#2047,10.);
#363=VECTOR('',#2048,10.);
#364=VECTOR('',#2049,10.);
#365=VECTOR('',#2052,10.);
#366=VECTOR('',#2053,10.);
#367=VECTOR('',#2054,10.);
#368=VECTOR('',#2057,10.);
#369=VECTOR('',#2058,10.);
#370=VECTOR('',#2059,10.);
#371=VECTOR('',#2062,10.);
#372=VECTOR('',#2063,10.);
#373=VECTOR('',#2070,10.);
#374=VECTOR('',#2071,10.);
#375=VECTOR('',#2072,10.);
#376=VECTOR('',#2073,10.);
#377=VECTOR('',#2080,10.);
#378=VECTOR('',#2083,10.);
#379=VECTOR('',#2084,10.);
#380=VECTOR('',#2085,10.);
#381=VECTOR('',#2094,10.);
#382=VECTOR('',#2095,10.);
#383=VECTOR('',#2096,10.);
#384=VECTOR('',#2097,10.);
#385=VECTOR('',#2100,10.);
#386=VECTOR('',#2101,10.);
#387=VECTOR('',#2102,10.);
#388=VECTOR('',#2105,10.);
#389=VECTOR('',#2106,10.);
#390=VECTOR('',#2107,10.);
#391=VECTOR('',#2110,10.);
#392=VECTOR('',#2111,10.);
#393=CYLINDRICAL_SURFACE('',#1553,0.25);
#394=CYLINDRICAL_SURFACE('',#1558,3.15);
#395=CYLINDRICAL_SURFACE('',#1564,0.25);
#396=CYLINDRICAL_SURFACE('',#1583,1.75);
#397=CYLINDRICAL_SURFACE('',#1587,1.75);
#398=CYLINDRICAL_SURFACE('',#1590,3.15);
#399=CYLINDRICAL_SURFACE('',#1594,1.2645);
#400=CYLINDRICAL_SURFACE('',#1598,1.2645);
#401=CYLINDRICAL_SURFACE('',#1602,1.2645);
#402=CYLINDRICAL_SURFACE('',#1606,1.2645);
#403=CYLINDRICAL_SURFACE('',#1608,4.);
#404=CYLINDRICAL_SURFACE('',#1612,4.);
#405=CYLINDRICAL_SURFACE('',#1616,4.);
#406=CYLINDRICAL_SURFACE('',#1620,4.);
#407=CYLINDRICAL_SURFACE('',#1646,1.5875);
#408=CYLINDRICAL_SURFACE('',#1648,8.5);
#409=CYLINDRICAL_SURFACE('',#1650,1.58750000000001);
#410=CYLINDRICAL_SURFACE('',#1652,8.50000000000001);
#411=CYLINDRICAL_SURFACE('',#1654,8.50000000000001);
#412=CYLINDRICAL_SURFACE('',#1656,1.58749999999998);
#413=CYLINDRICAL_SURFACE('',#1658,8.5);
#414=CYLINDRICAL_SURFACE('',#1660,8.50000000000001);
#415=CYLINDRICAL_SURFACE('',#1662,1.58750000000001);
#416=CYLINDRICAL_SURFACE('',#1678,5.25);
#417=CYLINDRICAL_SURFACE('',#1682,5.25);
#418=FACE_OUTER_BOUND('',#503,.T.);
#419=FACE_OUTER_BOUND('',#504,.T.);
#420=FACE_OUTER_BOUND('',#505,.T.);
#421=FACE_OUTER_BOUND('',#506,.T.);
#422=FACE_OUTER_BOUND('',#507,.T.);
#423=FACE_OUTER_BOUND('',#508,.T.);
#424=FACE_OUTER_BOUND('',#509,.T.);
#425=FACE_OUTER_BOUND('',#510,.T.);
#426=FACE_OUTER_BOUND('',#511,.T.);
#427=FACE_OUTER_BOUND('',#512,.T.);
#428=FACE_OUTER_BOUND('',#525,.T.);
#429=FACE_OUTER_BOUND('',#526,.T.);
#430=FACE_OUTER_BOUND('',#527,.T.);
#431=FACE_OUTER_BOUND('',#528,.T.);
#432=FACE_OUTER_BOUND('',#529,.T.);
#433=FACE_OUTER_BOUND('',#530,.T.);
#434=FACE_OUTER_BOUND('',#531,.T.);
#435=FACE_OUTER_BOUND('',#532,.T.);
#436=FACE_OUTER_BOUND('',#533,.T.);
#437=FACE_OUTER_BOUND('',#534,.T.);
#438=FACE_OUTER_BOUND('',#535,.T.);
#439=FACE_OUTER_BOUND('',#536,.T.);
#440=FACE_OUTER_BOUND('',#537,.T.);
#441=FACE_OUTER_BOUND('',#538,.T.);
#442=FACE_OUTER_BOUND('',#539,.T.);
#443=FACE_OUTER_BOUND('',#541,.T.);
#444=FACE_OUTER_BOUND('',#542,.T.);
#445=FACE_OUTER_BOUND('',#544,.T.);
#446=FACE_OUTER_BOUND('',#545,.T.);
#447=FACE_OUTER_BOUND('',#547,.T.);
#448=FACE_OUTER_BOUND('',#548,.T.);
#449=FACE_OUTER_BOUND('',#550,.T.);
#450=FACE_OUTER_BOUND('',#552,.T.);
#451=FACE_OUTER_BOUND('',#553,.T.);
#452=FACE_OUTER_BOUND('',#554,.T.);
#453=FACE_OUTER_BOUND('',#555,.T.);
#454=FACE_OUTER_BOUND('',#556,.T.);
#455=FACE_OUTER_BOUND('',#557,.T.);
#456=FACE_OUTER_BOUND('',#558,.T.);
#457=FACE_OUTER_BOUND('',#559,.T.);
#458=FACE_OUTER_BOUND('',#560,.T.);
#459=FACE_OUTER_BOUND('',#561,.T.);
#460=FACE_OUTER_BOUND('',#562,.T.);
#461=FACE_OUTER_BOUND('',#563,.T.);
#462=FACE_OUTER_BOUND('',#564,.T.);
#463=FACE_OUTER_BOUND('',#567,.T.);
#464=FACE_OUTER_BOUND('',#568,.T.);
#465=FACE_OUTER_BOUND('',#569,.T.);
#466=FACE_OUTER_BOUND('',#570,.T.);
#467=FACE_OUTER_BOUND('',#571,.T.);
#468=FACE_OUTER_BOUND('',#572,.T.);
#469=FACE_OUTER_BOUND('',#573,.T.);
#470=FACE_OUTER_BOUND('',#574,.T.);
#471=FACE_OUTER_BOUND('',#575,.T.);
#472=FACE_OUTER_BOUND('',#576,.T.);
#473=FACE_OUTER_BOUND('',#577,.T.);
#474=FACE_OUTER_BOUND('',#578,.T.);
#475=FACE_OUTER_BOUND('',#579,.T.);
#476=FACE_OUTER_BOUND('',#580,.T.);
#477=FACE_OUTER_BOUND('',#581,.T.);
#478=FACE_OUTER_BOUND('',#582,.T.);
#479=FACE_OUTER_BOUND('',#583,.T.);
#480=FACE_OUTER_BOUND('',#584,.T.);
#481=FACE_OUTER_BOUND('',#602,.T.);
#482=FACE_OUTER_BOUND('',#603,.T.);
#483=FACE_OUTER_BOUND('',#604,.T.);
#484=FACE_OUTER_BOUND('',#605,.T.);
#485=FACE_OUTER_BOUND('',#606,.T.);
#486=FACE_OUTER_BOUND('',#607,.T.);
#487=FACE_OUTER_BOUND('',#608,.T.);
#488=FACE_OUTER_BOUND('',#609,.T.);
#489=FACE_OUTER_BOUND('',#610,.T.);
#490=FACE_OUTER_BOUND('',#611,.T.);
#491=FACE_OUTER_BOUND('',#612,.T.);
#492=FACE_OUTER_BOUND('',#613,.T.);
#493=FACE_OUTER_BOUND('',#614,.T.);
#494=FACE_OUTER_BOUND('',#615,.T.);
#495=FACE_OUTER_BOUND('',#616,.T.);
#496=FACE_OUTER_BOUND('',#617,.T.);
#497=FACE_OUTER_BOUND('',#618,.T.);
#498=FACE_OUTER_BOUND('',#619,.T.);
#499=FACE_OUTER_BOUND('',#620,.T.);
#500=FACE_OUTER_BOUND('',#621,.T.);
#501=FACE_OUTER_BOUND('',#622,.T.);
#502=FACE_OUTER_BOUND('',#624,.T.);
#503=EDGE_LOOP('',(#1033,#1034,#1035,#1036));
#504=EDGE_LOOP('',(#1037,#1038,#1039,#1040));
#505=EDGE_LOOP('',(#1041,#1042,#1043,#1044));
#506=EDGE_LOOP('',(#1045,#1046,#1047,#1048));
#507=EDGE_LOOP('',(#1049,#1050,#1051,#1052,#1053,#1054,#1055));
#508=EDGE_LOOP('',(#1056,#1057,#1058,#1059,#1060,#1061,#1062,#1063));
#509=EDGE_LOOP('',(#1064,#1065,#1066,#1067));
#510=EDGE_LOOP('',(#1068,#1069,#1070,#1071));
#511=EDGE_LOOP('',(#1072,#1073,#1074,#1075));
#512=EDGE_LOOP('',(#1076,#1077,#1078,#1079));
#513=EDGE_LOOP('',(#1080,#1081,#1082,#1083,#1084,#1085,#1086,#1087,#1088));
#514=EDGE_LOOP('',(#1089));
#515=EDGE_LOOP('',(#1090));
#516=EDGE_LOOP('',(#1091));
#517=EDGE_LOOP('',(#1092));
#518=EDGE_LOOP('',(#1093));
#519=EDGE_LOOP('',(#1094));
#520=EDGE_LOOP('',(#1095));
#521=EDGE_LOOP('',(#1096));
#522=EDGE_LOOP('',(#1097));
#523=EDGE_LOOP('',(#1098,#1099,#1100,#1101));
#524=EDGE_LOOP('',(#1102,#1103,#1104,#1105));
#525=EDGE_LOOP('',(#1106,#1107,#1108,#1109));
#526=EDGE_LOOP('',(#1110,#1111,#1112,#1113,#1114,#1115,#1116,#1117));
#527=EDGE_LOOP('',(#1118,#1119,#1120,#1121));
#528=EDGE_LOOP('',(#1122,#1123,#1124,#1125));
#529=EDGE_LOOP('',(#1126,#1127,#1128,#1129,#1130,#1131));
#530=EDGE_LOOP('',(#1132,#1133,#1134));
#531=EDGE_LOOP('',(#1135,#1136,#1137,#1138));
#532=EDGE_LOOP('',(#1139,#1140,#1141));
#533=EDGE_LOOP('',(#1142,#1143,#1144,#1145));
#534=EDGE_LOOP('',(#1146,#1147,#1148));
#535=EDGE_LOOP('',(#1149,#1150,#1151,#1152));
#536=EDGE_LOOP('',(#1153,#1154,#1155));
#537=EDGE_LOOP('',(#1156,#1157,#1158,#1159));
#538=EDGE_LOOP('',(#1160,#1161,#1162,#1163));
#539=EDGE_LOOP('',(#1164));
#540=EDGE_LOOP('',(#1165));
#541=EDGE_LOOP('',(#1166,#1167,#1168,#1169));
#542=EDGE_LOOP('',(#1170));
#543=EDGE_LOOP('',(#1171));
#544=EDGE_LOOP('',(#1172,#1173,#1174,#1175));
#545=EDGE_LOOP('',(#1176));
#546=EDGE_LOOP('',(#1177));
#547=EDGE_LOOP('',(#1178,#1179,#1180,#1181));
#548=EDGE_LOOP('',(#1182));
#549=EDGE_LOOP('',(#1183));
#550=EDGE_LOOP('',(#1184,#1185,#1186,#1187));
#551=EDGE_LOOP('',(#1188,#1189,#1190,#1191));
#552=EDGE_LOOP('',(#1192,#1193,#1194,#1195));
#553=EDGE_LOOP('',(#1196,#1197,#1198,#1199));
#554=EDGE_LOOP('',(#1200,#1201,#1202,#1203));
#555=EDGE_LOOP('',(#1204,#1205,#1206,#1207));
#556=EDGE_LOOP('',(#1208,#1209,#1210,#1211));
#557=EDGE_LOOP('',(#1212,#1213,#1214,#1215));
#558=EDGE_LOOP('',(#1216,#1217,#1218,#1219));
#559=EDGE_LOOP('',(#1220,#1221,#1222,#1223));
#560=EDGE_LOOP('',(#1224,#1225,#1226,#1227));
#561=EDGE_LOOP('',(#1228,#1229,#1230,#1231));
#562=EDGE_LOOP('',(#1232,#1233,#1234,#1235));
#563=EDGE_LOOP('',(#1236,#1237,#1238,#1239));
#564=EDGE_LOOP('',(#1240,#1241,#1242,#1243));
#565=EDGE_LOOP('',(#1244,#1245,#1246,#1247));
#566=EDGE_LOOP('',(#1248,#1249,#1250,#1251));
#567=EDGE_LOOP('',(#1252,#1253,#1254,#1255));
#568=EDGE_LOOP('',(#1256,#1257,#1258,#1259));
#569=EDGE_LOOP('',(#1260,#1261,#1262,#1263));
#570=EDGE_LOOP('',(#1264,#1265,#1266,#1267));
#571=EDGE_LOOP('',(#1268,#1269,#1270,#1271));
#572=EDGE_LOOP('',(#1272,#1273,#1274,#1275));
#573=EDGE_LOOP('',(#1276,#1277,#1278,#1279));
#574=EDGE_LOOP('',(#1280,#1281,#1282,#1283));
#575=EDGE_LOOP('',(#1284,#1285,#1286,#1287));
#576=EDGE_LOOP('',(#1288,#1289,#1290,#1291));
#577=EDGE_LOOP('',(#1292,#1293,#1294,#1295));
#578=EDGE_LOOP('',(#1296,#1297,#1298,#1299));
#579=EDGE_LOOP('',(#1300,#1301,#1302,#1303));
#580=EDGE_LOOP('',(#1304,#1305,#1306,#1307));
#581=EDGE_LOOP('',(#1308,#1309,#1310,#1311));
#582=EDGE_LOOP('',(#1312,#1313,#1314,#1315));
#583=EDGE_LOOP('',(#1316,#1317,#1318,#1319));
#584=EDGE_LOOP('',(#1320,#1321,#1322,#1323));
#585=EDGE_LOOP('',(#1324,#1325,#1326,#1327));
#586=EDGE_LOOP('',(#1328));
#587=EDGE_LOOP('',(#1329));
#588=EDGE_LOOP('',(#1330));
#589=EDGE_LOOP('',(#1331));
#590=EDGE_LOOP('',(#1332));
#591=EDGE_LOOP('',(#1333));
#592=EDGE_LOOP('',(#1334));
#593=EDGE_LOOP('',(#1335));
#594=EDGE_LOOP('',(#1336));
#595=EDGE_LOOP('',(#1337,#1338,#1339,#1340));
#596=EDGE_LOOP('',(#1341));
#597=EDGE_LOOP('',(#1342));
#598=EDGE_LOOP('',(#1343));
#599=EDGE_LOOP('',(#1344));
#600=EDGE_LOOP('',(#1345));
#601=EDGE_LOOP('',(#1346));
#602=EDGE_LOOP('',(#1347,#1348,#1349,#1350));
#603=EDGE_LOOP('',(#1351,#1352,#1353,#1354));
#604=EDGE_LOOP('',(#1355,#1356,#1357,#1358));
#605=EDGE_LOOP('',(#1359,#1360,#1361,#1362));
#606=EDGE_LOOP('',(#1363,#1364,#1365,#1366));
#607=EDGE_LOOP('',(#1367,#1368,#1369,#1370));
#608=EDGE_LOOP('',(#1371,#1372,#1373,#1374));
#609=EDGE_LOOP('',(#1375,#1376,#1377,#1378));
#610=EDGE_LOOP('',(#1379,#1380,#1381,#1382));
#611=EDGE_LOOP('',(#1383,#1384,#1385,#1386));
#612=EDGE_LOOP('',(#1387,#1388,#1389,#1390));
#613=EDGE_LOOP('',(#1391,#1392,#1393,#1394));
#614=EDGE_LOOP('',(#1395,#1396,#1397,#1398));
#615=EDGE_LOOP('',(#1399,#1400,#1401,#1402));
#616=EDGE_LOOP('',(#1403,#1404,#1405,#1406));
#617=EDGE_LOOP('',(#1407,#1408,#1409,#1410));
#618=EDGE_LOOP('',(#1411,#1412,#1413,#1414));
#619=EDGE_LOOP('',(#1415,#1416,#1417,#1418));
#620=EDGE_LOOP('',(#1419,#1420,#1421,#1422));
#621=EDGE_LOOP('',(#1423,#1424,#1425,#1426));
#622=EDGE_LOOP('',(#1427,#1428,#1429,#1430));
#623=EDGE_LOOP('',(#1431,#1432,#1433,#1434));
#624=EDGE_LOOP('',(#1435,#1436,#1437,#1438));
#625=EDGE_LOOP('',(#1439,#1440,#1441,#1442));
#626=CIRCLE('',#1550,3.15);
#627=CIRCLE('',#1551,0.250000000000005);
#628=CIRCLE('',#1552,3.4);
#629=CIRCLE('',#1555,3.15);
#630=CIRCLE('',#1556,3.4);
#631=CIRCLE('',#1559,3.15);
#632=CIRCLE('',#1560,3.15);
#633=CIRCLE('',#1562,2.74999999999999);
#634=CIRCLE('',#1563,1.75);
#635=CIRCLE('',#1565,0.25);
#636=CIRCLE('',#1567,3.4);
#637=CIRCLE('',#1568,3.15);
#638=CIRCLE('',#1570,3.4);
#639=CIRCLE('',#1572,2.75);
#640=CIRCLE('',#1573,2.75);
#641=CIRCLE('',#1574,1.5875);
#642=CIRCLE('',#1575,8.5);
#643=CIRCLE('',#1576,1.58750000000001);
#644=CIRCLE('',#1577,8.50000000000001);
#645=CIRCLE('',#1578,8.50000000000001);
#646=CIRCLE('',#1579,1.58749999999998);
#647=CIRCLE('',#1580,8.5);
#648=CIRCLE('',#1581,8.50000000000001);
#649=CIRCLE('',#1582,1.58750000000001);
#650=CIRCLE('',#1584,1.75);
#651=CIRCLE('',#1586,1.75);
#652=CIRCLE('',#1588,1.75);
#653=CIRCLE('',#1591,3.15);
#654=CIRCLE('',#1593,1.2645);
#655=CIRCLE('',#1595,1.2645);
#656=CIRCLE('',#1597,1.2645);
#657=CIRCLE('',#1599,1.2645);
#658=CIRCLE('',#1601,1.2645);
#659=CIRCLE('',#1603,1.2645);
#660=CIRCLE('',#1605,1.2645);
#661=CIRCLE('',#1607,1.2645);
#662=CIRCLE('',#1609,4.);
#663=CIRCLE('',#1610,4.);
#664=CIRCLE('',#1613,4.);
#665=CIRCLE('',#1614,4.);
#666=CIRCLE('',#1617,4.);
#667=CIRCLE('',#1618,4.);
#668=CIRCLE('',#1621,4.);
#669=CIRCLE('',#1622,4.);
#670=CIRCLE('',#1647,1.5875);
#671=CIRCLE('',#1649,8.5);
#672=CIRCLE('',#1651,1.58750000000001);
#673=CIRCLE('',#1653,8.50000000000001);
#674=CIRCLE('',#1655,8.50000000000001);
#675=CIRCLE('',#1657,1.58749999999998);
#676=CIRCLE('',#1659,8.5);
#677=CIRCLE('',#1661,8.50000000000001);
#678=CIRCLE('',#1663,1.58750000000001);
#679=CIRCLE('',#1679,5.25);
#680=CIRCLE('',#1680,5.25);
#681=CIRCLE('',#1683,5.25);
#682=CIRCLE('',#1684,5.25);
#683=B_SPLINE_CURVE_WITH_KNOTS('',3,(#2120,#2121,#2122,#2123,#2124,#2125,
#2126,#2127,#2128,#2129,#2130,#2131),.UNSPECIFIED.,.F.,.F.,(4,2,2,2,2,4),
(0.0553182054871319,0.0577455444671371,0.0683540520406215,0.0844224452057928,
0.111167957793005,0.125176190827245),.UNSPECIFIED.);
#684=B_SPLINE_CURVE_WITH_KNOTS('',3,(#2142,#2143,#2144,#2145,#2146,#2147,
#2148,#2149,#2150,#2151,#2152,#2153),.UNSPECIFIED.,.F.,.F.,(4,2,2,2,2,4),
(-0.039220775741833,-0.0294858521320446,-0.0197323573533327,-0.00994295030491989,
0.,0.000242777724438514),.UNSPECIFIED.);
#685=B_SPLINE_CURVE_WITH_KNOTS('',3,(#2158,#2159,#2160,#2161,#2162,#2163,
#2164,#2165,#2166,#2167,#2168,#2169),.UNSPECIFIED.,.F.,.F.,(4,2,2,2,2,4),
(0.118497164213183,0.123619495215748,0.152850370780596,0.169886172464471,
0.181215296193166,0.181839546760145),.UNSPECIFIED.);
#686=B_SPLINE_CURVE_WITH_KNOTS('',3,(#2179,#2180,#2181,#2182,#2183,#2184,
#2185,#2186),.UNSPECIFIED.,.F.,.F.,(4,2,2,4),(0.188738168580382,0.21101979942148,
0.273393813737993,0.335767828054507),.UNSPECIFIED.);
#687=B_SPLINE_CURVE_WITH_KNOTS('',3,(#2188,#2189,#2190,#2191,#2192,#2193,
#2194,#2195),.UNSPECIFIED.,.F.,.F.,(4,2,2,4),(0.335767828054507,0.39814184237102,
0.460515856687533,0.482797487528632),.UNSPECIFIED.);
#688=B_SPLINE_CURVE_WITH_KNOTS('',3,(#2204,#2205,#2206,#2207,#2208,#2209,
#2210,#2211,#2212,#2213,#2214,#2215),.UNSPECIFIED.,.F.,.F.,(4,2,2,2,2,4),
(0.118497164213597,0.123619495216111,0.15285037078053,0.169886172464376,
0.181215296193175,0.18183954676016),.UNSPECIFIED.);
#689=B_SPLINE_CURVE_WITH_KNOTS('',3,(#2226,#2227,#2228,#2229,#2230,#2231,
#2232,#2233,#2234,#2235,#2236,#2237),.UNSPECIFIED.,.F.,.F.,(4,2,2,2,2,4),
(-0.0394460259469519,-0.0391999649787027,-0.0292783106570379,-0.019494308729488,
-0.0097395796165238,0.),.UNSPECIFIED.);
#690=B_SPLINE_CURVE_WITH_KNOTS('',3,(#2242,#2243,#2244,#2245,#2246,#2247,
#2248,#2249,#2250,#2251,#2252,#2253),.UNSPECIFIED.,.F.,.F.,(4,2,2,2,2,4),
(0.0553182054878286,0.057745544467885,0.0683540520415963,0.0844224452070763,
0.111167957794777,0.125176190829282),.UNSPECIFIED.);
#691=B_SPLINE_CURVE_WITH_KNOTS('',3,(#2308,#2309,#2310,#2311,#2312,#2313,
#2314,#2315,#2316,#2317,#2318,#2319,#2320,#2321),.UNSPECIFIED.,.F.,.F.,
(4,2,2,2,2,2,4),(0.188738168580378,0.211019799421479,0.273393813737992,
0.335767828054505,0.398141842371018,0.460515856687531,0.482797487528632),
 .UNSPECIFIED.);
#692=VERTEX_POINT('',#2118);
#693=VERTEX_POINT('',#2119);
#694=VERTEX_POINT('',#2132);
#695=VERTEX_POINT('',#2134);
#696=VERTEX_POINT('',#2138);
#697=VERTEX_POINT('',#2140);
#698=VERTEX_POINT('',#2155);
#699=VERTEX_POINT('',#2157);
#700=VERTEX_POINT('',#2172);
#701=VERTEX_POINT('',#2174);
#702=VERTEX_POINT('',#2178);
#703=VERTEX_POINT('',#2187);
#704=VERTEX_POINT('',#2196);
#705=VERTEX_POINT('',#2198);
#706=VERTEX_POINT('',#2202);
#707=VERTEX_POINT('',#2216);
#708=VERTEX_POINT('',#2220);
#709=VERTEX_POINT('',#2222);
#710=VERTEX_POINT('',#2224);
#711=VERTEX_POINT('',#2239);
#712=VERTEX_POINT('',#2241);
#713=VERTEX_POINT('',#2258);
#714=VERTEX_POINT('',#2259);
#715=VERTEX_POINT('',#2261);
#716=VERTEX_POINT('',#2263);
#717=VERTEX_POINT('',#2266);
#718=VERTEX_POINT('',#2269);
#719=VERTEX_POINT('',#2271);
#720=VERTEX_POINT('',#2273);
#721=VERTEX_POINT('',#2275);
#722=VERTEX_POINT('',#2277);
#723=VERTEX_POINT('',#2279);
#724=VERTEX_POINT('',#2281);
#725=VERTEX_POINT('',#2283);
#726=VERTEX_POINT('',#2285);
#727=VERTEX_POINT('',#2287);
#728=VERTEX_POINT('',#2288);
#729=VERTEX_POINT('',#2290);
#730=VERTEX_POINT('',#2292);
#731=VERTEX_POINT('',#2295);
#732=VERTEX_POINT('',#2296);
#733=VERTEX_POINT('',#2298);
#734=VERTEX_POINT('',#2300);
#735=VERTEX_POINT('',#2304);
#736=VERTEX_POINT('',#2322);
#737=VERTEX_POINT('',#2326);
#738=VERTEX_POINT('',#2330);
#739=VERTEX_POINT('',#2336);
#740=VERTEX_POINT('',#2338);
#741=VERTEX_POINT('',#2341);
#742=VERTEX_POINT('',#2345);
#743=VERTEX_POINT('',#2347);
#744=VERTEX_POINT('',#2350);
#745=VERTEX_POINT('',#2354);
#746=VERTEX_POINT('',#2356);
#747=VERTEX_POINT('',#2359);
#748=VERTEX_POINT('',#2363);
#749=VERTEX_POINT('',#2365);
#750=VERTEX_POINT('',#2368);
#751=VERTEX_POINT('',#2372);
#752=VERTEX_POINT('',#2374);
#753=VERTEX_POINT('',#2379);
#754=VERTEX_POINT('',#2381);
#755=VERTEX_POINT('',#2386);
#756=VERTEX_POINT('',#2388);
#757=VERTEX_POINT('',#2393);
#758=VERTEX_POINT('',#2395);
#759=VERTEX_POINT('',#2400);
#760=VERTEX_POINT('',#2401);
#761=VERTEX_POINT('',#2403);
#762=VERTEX_POINT('',#2405);
#763=VERTEX_POINT('',#2408);
#764=VERTEX_POINT('',#2409);
#765=VERTEX_POINT('',#2411);
#766=VERTEX_POINT('',#2413);
#767=VERTEX_POINT('',#2417);
#768=VERTEX_POINT('',#2418);
#769=VERTEX_POINT('',#2420);
#770=VERTEX_POINT('',#2422);
#771=VERTEX_POINT('',#2426);
#772=VERTEX_POINT('',#2428);
#773=VERTEX_POINT('',#2432);
#774=VERTEX_POINT('',#2434);
#775=VERTEX_POINT('',#2438);
#776=VERTEX_POINT('',#2442);
#777=VERTEX_POINT('',#2448);
#778=VERTEX_POINT('',#2450);
#779=VERTEX_POINT('',#2454);
#780=VERTEX_POINT('',#2458);
#781=VERTEX_POINT('',#2464);
#782=VERTEX_POINT('',#2466);
#783=VERTEX_POINT('',#2474);
#784=VERTEX_POINT('',#2475);
#785=VERTEX_POINT('',#2480);
#786=VERTEX_POINT('',#2484);
#787=VERTEX_POINT('',#2498);
#788=VERTEX_POINT('',#2502);
#789=VERTEX_POINT('',#2506);
#790=VERTEX_POINT('',#2510);
#791=VERTEX_POINT('',#2514);
#792=VERTEX_POINT('',#2518);
#793=VERTEX_POINT('',#2522);
#794=VERTEX_POINT('',#2526);
#795=VERTEX_POINT('',#2530);
#796=VERTEX_POINT('',#2535);
#797=VERTEX_POINT('',#2536);
#798=VERTEX_POINT('',#2538);
#799=VERTEX_POINT('',#2540);
#800=VERTEX_POINT('',#2544);
#801=VERTEX_POINT('',#2546);
#802=VERTEX_POINT('',#2550);
#803=VERTEX_POINT('',#2552);
#804=VERTEX_POINT('',#2561);
#805=VERTEX_POINT('',#2562);
#806=VERTEX_POINT('',#2564);
#807=VERTEX_POINT('',#2566);
#808=VERTEX_POINT('',#2570);
#809=VERTEX_POINT('',#2572);
#810=VERTEX_POINT('',#2576);
#811=VERTEX_POINT('',#2578);
#812=VERTEX_POINT('',#2587);
#813=VERTEX_POINT('',#2588);
#814=VERTEX_POINT('',#2590);
#815=VERTEX_POINT('',#2592);
#816=VERTEX_POINT('',#2596);
#817=VERTEX_POINT('',#2598);
#818=VERTEX_POINT('',#2602);
#819=VERTEX_POINT('',#2604);
#820=VERTEX_POINT('',#2611);
#821=VERTEX_POINT('',#2612);
#822=VERTEX_POINT('',#2614);
#823=VERTEX_POINT('',#2616);
#824=VERTEX_POINT('',#2620);
#825=VERTEX_POINT('',#2622);
#826=VERTEX_POINT('',#2626);
#827=VERTEX_POINT('',#2628);
#828=EDGE_CURVE('',#692,#693,#683,.T.);
#829=EDGE_CURVE('',#693,#694,#626,.T.);
#830=EDGE_CURVE('',#694,#695,#627,.T.);
#831=EDGE_CURVE('',#695,#692,#628,.T.);
#832=EDGE_CURVE('',#696,#695,#115,.T.);
#833=EDGE_CURVE('',#694,#697,#116,.T.);
#834=EDGE_CURVE('',#697,#696,#684,.T.);
#835=EDGE_CURVE('',#697,#698,#629,.T.);
#836=EDGE_CURVE('',#698,#699,#685,.T.);
#837=EDGE_CURVE('',#699,#696,#630,.T.);
#838=EDGE_CURVE('',#694,#700,#117,.T.);
#839=EDGE_CURVE('',#701,#700,#118,.T.);
#840=EDGE_CURVE('',#697,#701,#119,.T.);
#841=EDGE_CURVE('',#693,#702,#686,.T.);
#842=EDGE_CURVE('',#702,#703,#687,.T.);
#843=EDGE_CURVE('',#704,#703,#631,.T.);
#844=EDGE_CURVE('',#704,#705,#120,.T.);
#845=EDGE_CURVE('',#700,#705,#632,.T.);
#846=EDGE_CURVE('',#692,#706,#633,.T.);
#847=EDGE_CURVE('',#703,#706,#688,.T.);
#848=EDGE_CURVE('',#702,#707,#121,.T.);
#849=EDGE_CURVE('',#707,#707,#634,.T.);
#850=EDGE_CURVE('',#708,#704,#122,.T.);
#851=EDGE_CURVE('',#704,#709,#635,.T.);
#852=EDGE_CURVE('',#709,#710,#123,.T.);
#853=EDGE_CURVE('',#710,#708,#689,.T.);
#854=EDGE_CURVE('',#710,#711,#636,.T.);
#855=EDGE_CURVE('',#711,#712,#690,.T.);
#856=EDGE_CURVE('',#712,#708,#637,.T.);
#857=EDGE_CURVE('',#706,#709,#638,.T.);
#858=EDGE_CURVE('',#713,#714,#124,.T.);
#859=EDGE_CURVE('',#715,#713,#125,.T.);
#860=EDGE_CURVE('',#716,#715,#126,.T.);
#861=EDGE_CURVE('',#714,#716,#127,.T.);
#862=EDGE_CURVE('',#717,#699,#639,.T.);
#863=EDGE_CURVE('',#711,#717,#640,.T.);
#864=EDGE_CURVE('',#718,#718,#641,.T.);
#865=EDGE_CURVE('',#719,#719,#642,.T.);
#866=EDGE_CURVE('',#720,#720,#643,.T.);
#867=EDGE_CURVE('',#721,#721,#644,.T.);
#868=EDGE_CURVE('',#722,#722,#645,.T.);
#869=EDGE_CURVE('',#723,#723,#646,.T.);
#870=EDGE_CURVE('',#724,#724,#647,.T.);
#871=EDGE_CURVE('',#725,#725,#648,.T.);
#872=EDGE_CURVE('',#726,#726,#649,.T.);
#873=EDGE_CURVE('',#727,#728,#128,.T.);
#874=EDGE_CURVE('',#729,#727,#129,.T.);
#875=EDGE_CURVE('',#730,#729,#130,.T.);
#876=EDGE_CURVE('',#728,#730,#131,.T.);
#877=EDGE_CURVE('',#731,#732,#132,.T.);
#878=EDGE_CURVE('',#733,#731,#133,.T.);
#879=EDGE_CURVE('',#734,#733,#134,.T.);
#880=EDGE_CURVE('',#732,#734,#135,.T.);
#881=EDGE_CURVE('',#707,#735,#136,.T.);
#882=EDGE_CURVE('',#735,#735,#650,.T.);
#883=EDGE_CURVE('',#712,#698,#691,.T.);
#884=EDGE_CURVE('',#717,#736,#137,.T.);
#885=EDGE_CURVE('',#736,#736,#651,.T.);
#886=EDGE_CURVE('',#736,#737,#138,.T.);
#887=EDGE_CURVE('',#737,#737,#652,.T.);
#888=EDGE_CURVE('',#708,#738,#139,.T.);
#889=EDGE_CURVE('',#705,#738,#140,.T.);
#890=EDGE_CURVE('',#738,#701,#653,.T.);
#891=EDGE_CURVE('',#739,#739,#654,.T.);
#892=EDGE_CURVE('',#739,#740,#141,.T.);
#893=EDGE_CURVE('',#741,#741,#655,.T.);
#894=EDGE_CURVE('',#741,#739,#142,.T.);
#895=EDGE_CURVE('',#742,#742,#656,.T.);
#896=EDGE_CURVE('',#742,#743,#143,.T.);
#897=EDGE_CURVE('',#744,#744,#657,.T.);
#898=EDGE_CURVE('',#744,#742,#144,.T.);
#899=EDGE_CURVE('',#745,#745,#658,.T.);
#900=EDGE_CURVE('',#745,#746,#145,.T.);
#901=EDGE_CURVE('',#747,#747,#659,.T.);
#902=EDGE_CURVE('',#747,#745,#146,.T.);
#903=EDGE_CURVE('',#748,#748,#660,.T.);
#904=EDGE_CURVE('',#748,#749,#147,.T.);
#905=EDGE_CURVE('',#750,#750,#661,.T.);
#906=EDGE_CURVE('',#750,#748,#148,.T.);
#907=EDGE_CURVE('',#751,#751,#662,.T.);
#908=EDGE_CURVE('',#751,#752,#149,.T.);
#909=EDGE_CURVE('',#752,#752,#663,.T.);
#910=EDGE_CURVE('',#753,#753,#664,.T.);
#911=EDGE_CURVE('',#753,#754,#150,.T.);
#912=EDGE_CURVE('',#754,#754,#665,.T.);
#913=EDGE_CURVE('',#755,#755,#666,.T.);
#914=EDGE_CURVE('',#755,#756,#151,.T.);
#915=EDGE_CURVE('',#756,#756,#667,.T.);
#916=EDGE_CURVE('',#757,#757,#668,.T.);
#917=EDGE_CURVE('',#757,#758,#152,.T.);
#918=EDGE_CURVE('',#758,#758,#669,.T.);
#919=EDGE_CURVE('',#759,#760,#153,.T.);
#920=EDGE_CURVE('',#760,#761,#154,.T.);
#921=EDGE_CURVE('',#761,#762,#155,.T.);
#922=EDGE_CURVE('',#762,#759,#156,.T.);
#923=EDGE_CURVE('',#763,#764,#157,.T.);
#924=EDGE_CURVE('',#764,#765,#158,.T.);
#925=EDGE_CURVE('',#765,#766,#159,.T.);
#926=EDGE_CURVE('',#766,#763,#160,.T.);
#927=EDGE_CURVE('',#767,#768,#161,.T.);
#928=EDGE_CURVE('',#767,#769,#162,.T.);
#929=EDGE_CURVE('',#770,#769,#163,.T.);
#930=EDGE_CURVE('',#768,#770,#164,.T.);
#931=EDGE_CURVE('',#771,#767,#165,.T.);
#932=EDGE_CURVE('',#771,#772,#166,.T.);
#933=EDGE_CURVE('',#769,#772,#167,.T.);
#934=EDGE_CURVE('',#731,#773,#168,.T.);
#935=EDGE_CURVE('',#774,#773,#169,.T.);
#936=EDGE_CURVE('',#733,#774,#170,.T.);
#937=EDGE_CURVE('',#775,#774,#171,.T.);
#938=EDGE_CURVE('',#734,#775,#172,.T.);
#939=EDGE_CURVE('',#776,#775,#173,.T.);
#940=EDGE_CURVE('',#732,#776,#174,.T.);
#941=EDGE_CURVE('',#773,#776,#175,.T.);
#942=EDGE_CURVE('',#727,#777,#176,.T.);
#943=EDGE_CURVE('',#778,#777,#177,.T.);
#944=EDGE_CURVE('',#729,#778,#178,.T.);
#945=EDGE_CURVE('',#779,#778,#179,.T.);
#946=EDGE_CURVE('',#730,#779,#180,.T.);
#947=EDGE_CURVE('',#780,#779,#181,.T.);
#948=EDGE_CURVE('',#728,#780,#182,.T.);
#949=EDGE_CURVE('',#777,#780,#183,.T.);
#950=EDGE_CURVE('',#768,#781,#184,.T.);
#951=EDGE_CURVE('',#782,#770,#185,.T.);
#952=EDGE_CURVE('',#781,#782,#186,.T.);
#953=EDGE_CURVE('',#781,#771,#187,.T.);
#954=EDGE_CURVE('',#772,#782,#188,.T.);
#955=EDGE_CURVE('',#783,#784,#189,.T.);
#956=EDGE_CURVE('',#783,#763,#190,.T.);
#957=EDGE_CURVE('',#784,#766,#191,.T.);
#958=EDGE_CURVE('',#785,#783,#192,.T.);
#959=EDGE_CURVE('',#785,#764,#193,.T.);
#960=EDGE_CURVE('',#784,#786,#194,.T.);
#961=EDGE_CURVE('',#786,#765,#195,.T.);
#962=EDGE_CURVE('',#786,#785,#196,.T.);
#963=EDGE_CURVE('',#713,#759,#197,.T.);
#964=EDGE_CURVE('',#715,#762,#198,.T.);
#965=EDGE_CURVE('',#716,#761,#199,.T.);
#966=EDGE_CURVE('',#714,#760,#200,.T.);
#967=EDGE_CURVE('',#787,#787,#670,.T.);
#968=EDGE_CURVE('',#787,#718,#201,.T.);
#969=EDGE_CURVE('',#788,#788,#671,.T.);
#970=EDGE_CURVE('',#788,#719,#202,.T.);
#971=EDGE_CURVE('',#789,#789,#672,.T.);
#972=EDGE_CURVE('',#789,#720,#203,.T.);
#973=EDGE_CURVE('',#790,#790,#673,.T.);
#974=EDGE_CURVE('',#790,#721,#204,.T.);
#975=EDGE_CURVE('',#791,#791,#674,.T.);
#976=EDGE_CURVE('',#791,#722,#205,.T.);
#977=EDGE_CURVE('',#792,#792,#675,.T.);
#978=EDGE_CURVE('',#792,#723,#206,.T.);
#979=EDGE_CURVE('',#793,#793,#676,.T.);
#980=EDGE_CURVE('',#793,#724,#207,.T.);
#981=EDGE_CURVE('',#794,#794,#677,.T.);
#982=EDGE_CURVE('',#794,#725,#208,.T.);
#983=EDGE_CURVE('',#795,#795,#678,.T.);
#984=EDGE_CURVE('',#795,#726,#209,.T.);
#985=EDGE_CURVE('',#796,#797,#210,.T.);
#986=EDGE_CURVE('',#796,#798,#211,.T.);
#987=EDGE_CURVE('',#799,#798,#212,.T.);
#988=EDGE_CURVE('',#797,#799,#213,.T.);
#989=EDGE_CURVE('',#797,#800,#214,.T.);
#990=EDGE_CURVE('',#801,#799,#215,.T.);
#991=EDGE_CURVE('',#800,#801,#216,.T.);
#992=EDGE_CURVE('',#800,#802,#217,.T.);
#993=EDGE_CURVE('',#803,#801,#218,.T.);
#994=EDGE_CURVE('',#802,#803,#219,.T.);
#995=EDGE_CURVE('',#802,#796,#220,.T.);
#996=EDGE_CURVE('',#798,#803,#221,.T.);
#997=EDGE_CURVE('',#804,#805,#222,.T.);
#998=EDGE_CURVE('',#805,#806,#223,.T.);
#999=EDGE_CURVE('',#807,#806,#224,.T.);
#1000=EDGE_CURVE('',#804,#807,#225,.T.);
#1001=EDGE_CURVE('',#808,#804,#226,.T.);
#1002=EDGE_CURVE('',#809,#807,#227,.T.);
#1003=EDGE_CURVE('',#808,#809,#228,.T.);
#1004=EDGE_CURVE('',#810,#808,#229,.T.);
#1005=EDGE_CURVE('',#811,#809,#230,.T.);
#1006=EDGE_CURVE('',#810,#811,#231,.T.);
#1007=EDGE_CURVE('',#805,#810,#232,.T.);
#1008=EDGE_CURVE('',#806,#811,#233,.T.);
#1009=EDGE_CURVE('',#812,#813,#234,.T.);
#1010=EDGE_CURVE('',#813,#814,#235,.T.);
#1011=EDGE_CURVE('',#815,#814,#236,.T.);
#1012=EDGE_CURVE('',#812,#815,#237,.T.);
#1013=EDGE_CURVE('',#816,#812,#679,.T.);
#1014=EDGE_CURVE('',#817,#815,#680,.T.);
#1015=EDGE_CURVE('',#816,#817,#238,.T.);
#1016=EDGE_CURVE('',#818,#816,#239,.T.);
#1017=EDGE_CURVE('',#819,#817,#240,.T.);
#1018=EDGE_CURVE('',#818,#819,#241,.T.);
#1019=EDGE_CURVE('',#813,#818,#681,.T.);
#1020=EDGE_CURVE('',#814,#819,#682,.T.);
#1021=EDGE_CURVE('',#820,#821,#242,.T.);
#1022=EDGE_CURVE('',#820,#822,#243,.T.);
#1023=EDGE_CURVE('',#823,#822,#244,.T.);
#1024=EDGE_CURVE('',#821,#823,#245,.T.);
#1025=EDGE_CURVE('',#821,#824,#246,.T.);
#1026=EDGE_CURVE('',#825,#823,#247,.T.);
#1027=EDGE_CURVE('',#824,#825,#248,.T.);
#1028=EDGE_CURVE('',#824,#826,#249,.T.);
#1029=EDGE_CURVE('',#827,#825,#250,.T.);
#1030=EDGE_CURVE('',#826,#827,#251,.T.);
#1031=EDGE_CURVE('',#826,#820,#252,.T.);
#1032=EDGE_CURVE('',#822,#827,#253,.T.);
#1033=ORIENTED_EDGE('',*,*,#828,.T.);
#1034=ORIENTED_EDGE('',*,*,#829,.T.);
#1035=ORIENTED_EDGE('',*,*,#830,.T.);
#1036=ORIENTED_EDGE('',*,*,#831,.T.);
#1037=ORIENTED_EDGE('',*,*,#832,.T.);
#1038=ORIENTED_EDGE('',*,*,#830,.F.);
#1039=ORIENTED_EDGE('',*,*,#833,.T.);
#1040=ORIENTED_EDGE('',*,*,#834,.T.);
#1041=ORIENTED_EDGE('',*,*,#835,.T.);
#1042=ORIENTED_EDGE('',*,*,#836,.T.);
#1043=ORIENTED_EDGE('',*,*,#837,.T.);
#1044=ORIENTED_EDGE('',*,*,#834,.F.);
#1045=ORIENTED_EDGE('',*,*,#833,.F.);
#1046=ORIENTED_EDGE('',*,*,#838,.T.);
#1047=ORIENTED_EDGE('',*,*,#839,.F.);
#1048=ORIENTED_EDGE('',*,*,#840,.F.);
#1049=ORIENTED_EDGE('',*,*,#829,.F.);
#1050=ORIENTED_EDGE('',*,*,#841,.T.);
#1051=ORIENTED_EDGE('',*,*,#842,.T.);
#1052=ORIENTED_EDGE('',*,*,#843,.F.);
#1053=ORIENTED_EDGE('',*,*,#844,.T.);
#1054=ORIENTED_EDGE('',*,*,#845,.F.);
#1055=ORIENTED_EDGE('',*,*,#838,.F.);
#1056=ORIENTED_EDGE('',*,*,#828,.F.);
#1057=ORIENTED_EDGE('',*,*,#846,.T.);
#1058=ORIENTED_EDGE('',*,*,#847,.F.);
#1059=ORIENTED_EDGE('',*,*,#842,.F.);
#1060=ORIENTED_EDGE('',*,*,#848,.T.);
#1061=ORIENTED_EDGE('',*,*,#849,.T.);
#1062=ORIENTED_EDGE('',*,*,#848,.F.);
#1063=ORIENTED_EDGE('',*,*,#841,.F.);
#1064=ORIENTED_EDGE('',*,*,#850,.T.);
#1065=ORIENTED_EDGE('',*,*,#851,.T.);
#1066=ORIENTED_EDGE('',*,*,#852,.T.);
#1067=ORIENTED_EDGE('',*,*,#853,.T.);
#1068=ORIENTED_EDGE('',*,*,#854,.T.);
#1069=ORIENTED_EDGE('',*,*,#855,.T.);
#1070=ORIENTED_EDGE('',*,*,#856,.T.);
#1071=ORIENTED_EDGE('',*,*,#853,.F.);
#1072=ORIENTED_EDGE('',*,*,#847,.T.);
#1073=ORIENTED_EDGE('',*,*,#857,.T.);
#1074=ORIENTED_EDGE('',*,*,#851,.F.);
#1075=ORIENTED_EDGE('',*,*,#843,.T.);
#1076=ORIENTED_EDGE('',*,*,#858,.F.);
#1077=ORIENTED_EDGE('',*,*,#859,.F.);
#1078=ORIENTED_EDGE('',*,*,#860,.F.);
#1079=ORIENTED_EDGE('',*,*,#861,.F.);
#1080=ORIENTED_EDGE('',*,*,#837,.F.);
#1081=ORIENTED_EDGE('',*,*,#862,.F.);
#1082=ORIENTED_EDGE('',*,*,#863,.F.);
#1083=ORIENTED_EDGE('',*,*,#854,.F.);
#1084=ORIENTED_EDGE('',*,*,#852,.F.);
#1085=ORIENTED_EDGE('',*,*,#857,.F.);
#1086=ORIENTED_EDGE('',*,*,#846,.F.);
#1087=ORIENTED_EDGE('',*,*,#831,.F.);
#1088=ORIENTED_EDGE('',*,*,#832,.F.);
#1089=ORIENTED_EDGE('',*,*,#864,.F.);
#1090=ORIENTED_EDGE('',*,*,#865,.F.);
#1091=ORIENTED_EDGE('',*,*,#866,.F.);
#1092=ORIENTED_EDGE('',*,*,#867,.F.);
#1093=ORIENTED_EDGE('',*,*,#868,.F.);
#1094=ORIENTED_EDGE('',*,*,#869,.F.);
#1095=ORIENTED_EDGE('',*,*,#870,.F.);
#1096=ORIENTED_EDGE('',*,*,#871,.F.);
#1097=ORIENTED_EDGE('',*,*,#872,.F.);
#1098=ORIENTED_EDGE('',*,*,#873,.F.);
#1099=ORIENTED_EDGE('',*,*,#874,.F.);
#1100=ORIENTED_EDGE('',*,*,#875,.F.);
#1101=ORIENTED_EDGE('',*,*,#876,.F.);
#1102=ORIENTED_EDGE('',*,*,#877,.F.);
#1103=ORIENTED_EDGE('',*,*,#878,.F.);
#1104=ORIENTED_EDGE('',*,*,#879,.F.);
#1105=ORIENTED_EDGE('',*,*,#880,.F.);
#1106=ORIENTED_EDGE('',*,*,#849,.F.);
#1107=ORIENTED_EDGE('',*,*,#881,.T.);
#1108=ORIENTED_EDGE('',*,*,#882,.F.);
#1109=ORIENTED_EDGE('',*,*,#881,.F.);
#1110=ORIENTED_EDGE('',*,*,#836,.F.);
#1111=ORIENTED_EDGE('',*,*,#883,.F.);
#1112=ORIENTED_EDGE('',*,*,#855,.F.);
#1113=ORIENTED_EDGE('',*,*,#863,.T.);
#1114=ORIENTED_EDGE('',*,*,#884,.T.);
#1115=ORIENTED_EDGE('',*,*,#885,.T.);
#1116=ORIENTED_EDGE('',*,*,#884,.F.);
#1117=ORIENTED_EDGE('',*,*,#862,.T.);
#1118=ORIENTED_EDGE('',*,*,#885,.F.);
#1119=ORIENTED_EDGE('',*,*,#886,.T.);
#1120=ORIENTED_EDGE('',*,*,#887,.F.);
#1121=ORIENTED_EDGE('',*,*,#886,.F.);
#1122=ORIENTED_EDGE('',*,*,#850,.F.);
#1123=ORIENTED_EDGE('',*,*,#888,.T.);
#1124=ORIENTED_EDGE('',*,*,#889,.F.);
#1125=ORIENTED_EDGE('',*,*,#844,.F.);
#1126=ORIENTED_EDGE('',*,*,#835,.F.);
#1127=ORIENTED_EDGE('',*,*,#840,.T.);
#1128=ORIENTED_EDGE('',*,*,#890,.F.);
#1129=ORIENTED_EDGE('',*,*,#888,.F.);
#1130=ORIENTED_EDGE('',*,*,#856,.F.);
#1131=ORIENTED_EDGE('',*,*,#883,.T.);
#1132=ORIENTED_EDGE('',*,*,#891,.F.);
#1133=ORIENTED_EDGE('',*,*,#892,.T.);
#1134=ORIENTED_EDGE('',*,*,#892,.F.);
#1135=ORIENTED_EDGE('',*,*,#893,.F.);
#1136=ORIENTED_EDGE('',*,*,#894,.T.);
#1137=ORIENTED_EDGE('',*,*,#891,.T.);
#1138=ORIENTED_EDGE('',*,*,#894,.F.);
#1139=ORIENTED_EDGE('',*,*,#895,.F.);
#1140=ORIENTED_EDGE('',*,*,#896,.T.);
#1141=ORIENTED_EDGE('',*,*,#896,.F.);
#1142=ORIENTED_EDGE('',*,*,#897,.F.);
#1143=ORIENTED_EDGE('',*,*,#898,.T.);
#1144=ORIENTED_EDGE('',*,*,#895,.T.);
#1145=ORIENTED_EDGE('',*,*,#898,.F.);
#1146=ORIENTED_EDGE('',*,*,#899,.F.);
#1147=ORIENTED_EDGE('',*,*,#900,.T.);
#1148=ORIENTED_EDGE('',*,*,#900,.F.);
#1149=ORIENTED_EDGE('',*,*,#901,.F.);
#1150=ORIENTED_EDGE('',*,*,#902,.T.);
#1151=ORIENTED_EDGE('',*,*,#899,.T.);
#1152=ORIENTED_EDGE('',*,*,#902,.F.);
#1153=ORIENTED_EDGE('',*,*,#903,.F.);
#1154=ORIENTED_EDGE('',*,*,#904,.T.);
#1155=ORIENTED_EDGE('',*,*,#904,.F.);
#1156=ORIENTED_EDGE('',*,*,#905,.F.);
#1157=ORIENTED_EDGE('',*,*,#906,.T.);
#1158=ORIENTED_EDGE('',*,*,#903,.T.);
#1159=ORIENTED_EDGE('',*,*,#906,.F.);
#1160=ORIENTED_EDGE('',*,*,#907,.F.);
#1161=ORIENTED_EDGE('',*,*,#908,.T.);
#1162=ORIENTED_EDGE('',*,*,#909,.F.);
#1163=ORIENTED_EDGE('',*,*,#908,.F.);
#1164=ORIENTED_EDGE('',*,*,#907,.T.);
#1165=ORIENTED_EDGE('',*,*,#893,.T.);
#1166=ORIENTED_EDGE('',*,*,#910,.F.);
#1167=ORIENTED_EDGE('',*,*,#911,.T.);
#1168=ORIENTED_EDGE('',*,*,#912,.F.);
#1169=ORIENTED_EDGE('',*,*,#911,.F.);
#1170=ORIENTED_EDGE('',*,*,#910,.T.);
#1171=ORIENTED_EDGE('',*,*,#905,.T.);
#1172=ORIENTED_EDGE('',*,*,#913,.F.);
#1173=ORIENTED_EDGE('',*,*,#914,.T.);
#1174=ORIENTED_EDGE('',*,*,#915,.F.);
#1175=ORIENTED_EDGE('',*,*,#914,.F.);
#1176=ORIENTED_EDGE('',*,*,#913,.T.);
#1177=ORIENTED_EDGE('',*,*,#897,.T.);
#1178=ORIENTED_EDGE('',*,*,#916,.F.);
#1179=ORIENTED_EDGE('',*,*,#917,.T.);
#1180=ORIENTED_EDGE('',*,*,#918,.F.);
#1181=ORIENTED_EDGE('',*,*,#917,.F.);
#1182=ORIENTED_EDGE('',*,*,#916,.T.);
#1183=ORIENTED_EDGE('',*,*,#901,.T.);
#1184=ORIENTED_EDGE('',*,*,#919,.T.);
#1185=ORIENTED_EDGE('',*,*,#920,.T.);
#1186=ORIENTED_EDGE('',*,*,#921,.T.);
#1187=ORIENTED_EDGE('',*,*,#922,.T.);
#1188=ORIENTED_EDGE('',*,*,#923,.T.);
#1189=ORIENTED_EDGE('',*,*,#924,.T.);
#1190=ORIENTED_EDGE('',*,*,#925,.T.);
#1191=ORIENTED_EDGE('',*,*,#926,.T.);
#1192=ORIENTED_EDGE('',*,*,#927,.F.);
#1193=ORIENTED_EDGE('',*,*,#928,.T.);
#1194=ORIENTED_EDGE('',*,*,#929,.F.);
#1195=ORIENTED_EDGE('',*,*,#930,.F.);
#1196=ORIENTED_EDGE('',*,*,#931,.F.);
#1197=ORIENTED_EDGE('',*,*,#932,.T.);
#1198=ORIENTED_EDGE('',*,*,#933,.F.);
#1199=ORIENTED_EDGE('',*,*,#928,.F.);
#1200=ORIENTED_EDGE('',*,*,#878,.T.);
#1201=ORIENTED_EDGE('',*,*,#934,.T.);
#1202=ORIENTED_EDGE('',*,*,#935,.F.);
#1203=ORIENTED_EDGE('',*,*,#936,.F.);
#1204=ORIENTED_EDGE('',*,*,#879,.T.);
#1205=ORIENTED_EDGE('',*,*,#936,.T.);
#1206=ORIENTED_EDGE('',*,*,#937,.F.);
#1207=ORIENTED_EDGE('',*,*,#938,.F.);
#1208=ORIENTED_EDGE('',*,*,#880,.T.);
#1209=ORIENTED_EDGE('',*,*,#938,.T.);
#1210=ORIENTED_EDGE('',*,*,#939,.F.);
#1211=ORIENTED_EDGE('',*,*,#940,.F.);
#1212=ORIENTED_EDGE('',*,*,#877,.T.);
#1213=ORIENTED_EDGE('',*,*,#940,.T.);
#1214=ORIENTED_EDGE('',*,*,#941,.F.);
#1215=ORIENTED_EDGE('',*,*,#934,.F.);
#1216=ORIENTED_EDGE('',*,*,#874,.T.);
#1217=ORIENTED_EDGE('',*,*,#942,.T.);
#1218=ORIENTED_EDGE('',*,*,#943,.F.);
#1219=ORIENTED_EDGE('',*,*,#944,.F.);
#1220=ORIENTED_EDGE('',*,*,#875,.T.);
#1221=ORIENTED_EDGE('',*,*,#944,.T.);
#1222=ORIENTED_EDGE('',*,*,#945,.F.);
#1223=ORIENTED_EDGE('',*,*,#946,.F.);
#1224=ORIENTED_EDGE('',*,*,#876,.T.);
#1225=ORIENTED_EDGE('',*,*,#946,.T.);
#1226=ORIENTED_EDGE('',*,*,#947,.F.);
#1227=ORIENTED_EDGE('',*,*,#948,.F.);
#1228=ORIENTED_EDGE('',*,*,#873,.T.);
#1229=ORIENTED_EDGE('',*,*,#948,.T.);
#1230=ORIENTED_EDGE('',*,*,#949,.F.);
#1231=ORIENTED_EDGE('',*,*,#942,.F.);
#1232=ORIENTED_EDGE('',*,*,#950,.F.);
#1233=ORIENTED_EDGE('',*,*,#930,.T.);
#1234=ORIENTED_EDGE('',*,*,#951,.F.);
#1235=ORIENTED_EDGE('',*,*,#952,.F.);
#1236=ORIENTED_EDGE('',*,*,#953,.F.);
#1237=ORIENTED_EDGE('',*,*,#952,.T.);
#1238=ORIENTED_EDGE('',*,*,#954,.F.);
#1239=ORIENTED_EDGE('',*,*,#932,.F.);
#1240=ORIENTED_EDGE('',*,*,#933,.T.);
#1241=ORIENTED_EDGE('',*,*,#954,.T.);
#1242=ORIENTED_EDGE('',*,*,#951,.T.);
#1243=ORIENTED_EDGE('',*,*,#929,.T.);
#1244=ORIENTED_EDGE('',*,*,#949,.T.);
#1245=ORIENTED_EDGE('',*,*,#947,.T.);
#1246=ORIENTED_EDGE('',*,*,#945,.T.);
#1247=ORIENTED_EDGE('',*,*,#943,.T.);
#1248=ORIENTED_EDGE('',*,*,#941,.T.);
#1249=ORIENTED_EDGE('',*,*,#939,.T.);
#1250=ORIENTED_EDGE('',*,*,#937,.T.);
#1251=ORIENTED_EDGE('',*,*,#935,.T.);
#1252=ORIENTED_EDGE('',*,*,#955,.F.);
#1253=ORIENTED_EDGE('',*,*,#956,.T.);
#1254=ORIENTED_EDGE('',*,*,#926,.F.);
#1255=ORIENTED_EDGE('',*,*,#957,.F.);
#1256=ORIENTED_EDGE('',*,*,#958,.F.);
#1257=ORIENTED_EDGE('',*,*,#959,.T.);
#1258=ORIENTED_EDGE('',*,*,#923,.F.);
#1259=ORIENTED_EDGE('',*,*,#956,.F.);
#1260=ORIENTED_EDGE('',*,*,#960,.F.);
#1261=ORIENTED_EDGE('',*,*,#957,.T.);
#1262=ORIENTED_EDGE('',*,*,#925,.F.);
#1263=ORIENTED_EDGE('',*,*,#961,.F.);
#1264=ORIENTED_EDGE('',*,*,#962,.F.);
#1265=ORIENTED_EDGE('',*,*,#961,.T.);
#1266=ORIENTED_EDGE('',*,*,#924,.F.);
#1267=ORIENTED_EDGE('',*,*,#959,.F.);
#1268=ORIENTED_EDGE('',*,*,#859,.T.);
#1269=ORIENTED_EDGE('',*,*,#963,.T.);
#1270=ORIENTED_EDGE('',*,*,#922,.F.);
#1271=ORIENTED_EDGE('',*,*,#964,.F.);
#1272=ORIENTED_EDGE('',*,*,#860,.T.);
#1273=ORIENTED_EDGE('',*,*,#964,.T.);
#1274=ORIENTED_EDGE('',*,*,#921,.F.);
#1275=ORIENTED_EDGE('',*,*,#965,.F.);
#1276=ORIENTED_EDGE('',*,*,#861,.T.);
#1277=ORIENTED_EDGE('',*,*,#965,.T.);
#1278=ORIENTED_EDGE('',*,*,#920,.F.);
#1279=ORIENTED_EDGE('',*,*,#966,.F.);
#1280=ORIENTED_EDGE('',*,*,#858,.T.);
#1281=ORIENTED_EDGE('',*,*,#966,.T.);
#1282=ORIENTED_EDGE('',*,*,#919,.F.);
#1283=ORIENTED_EDGE('',*,*,#963,.F.);
#1284=ORIENTED_EDGE('',*,*,#967,.F.);
#1285=ORIENTED_EDGE('',*,*,#968,.T.);
#1286=ORIENTED_EDGE('',*,*,#864,.T.);
#1287=ORIENTED_EDGE('',*,*,#968,.F.);
#1288=ORIENTED_EDGE('',*,*,#969,.F.);
#1289=ORIENTED_EDGE('',*,*,#970,.T.);
#1290=ORIENTED_EDGE('',*,*,#865,.T.);
#1291=ORIENTED_EDGE('',*,*,#970,.F.);
#1292=ORIENTED_EDGE('',*,*,#971,.F.);
#1293=ORIENTED_EDGE('',*,*,#972,.T.);
#1294=ORIENTED_EDGE('',*,*,#866,.T.);
#1295=ORIENTED_EDGE('',*,*,#972,.F.);
#1296=ORIENTED_EDGE('',*,*,#973,.F.);
#1297=ORIENTED_EDGE('',*,*,#974,.T.);
#1298=ORIENTED_EDGE('',*,*,#867,.T.);
#1299=ORIENTED_EDGE('',*,*,#974,.F.);
#1300=ORIENTED_EDGE('',*,*,#975,.F.);
#1301=ORIENTED_EDGE('',*,*,#976,.T.);
#1302=ORIENTED_EDGE('',*,*,#868,.T.);
#1303=ORIENTED_EDGE('',*,*,#976,.F.);
#1304=ORIENTED_EDGE('',*,*,#977,.F.);
#1305=ORIENTED_EDGE('',*,*,#978,.T.);
#1306=ORIENTED_EDGE('',*,*,#869,.T.);
#1307=ORIENTED_EDGE('',*,*,#978,.F.);
#1308=ORIENTED_EDGE('',*,*,#979,.F.);
#1309=ORIENTED_EDGE('',*,*,#980,.T.);
#1310=ORIENTED_EDGE('',*,*,#870,.T.);
#1311=ORIENTED_EDGE('',*,*,#980,.F.);
#1312=ORIENTED_EDGE('',*,*,#981,.F.);
#1313=ORIENTED_EDGE('',*,*,#982,.T.);
#1314=ORIENTED_EDGE('',*,*,#871,.T.);
#1315=ORIENTED_EDGE('',*,*,#982,.F.);
#1316=ORIENTED_EDGE('',*,*,#983,.F.);
#1317=ORIENTED_EDGE('',*,*,#984,.T.);
#1318=ORIENTED_EDGE('',*,*,#872,.T.);
#1319=ORIENTED_EDGE('',*,*,#984,.F.);
#1320=ORIENTED_EDGE('',*,*,#958,.T.);
#1321=ORIENTED_EDGE('',*,*,#955,.T.);
#1322=ORIENTED_EDGE('',*,*,#960,.T.);
#1323=ORIENTED_EDGE('',*,*,#962,.T.);
#1324=ORIENTED_EDGE('',*,*,#839,.T.);
#1325=ORIENTED_EDGE('',*,*,#845,.T.);
#1326=ORIENTED_EDGE('',*,*,#889,.T.);
#1327=ORIENTED_EDGE('',*,*,#890,.T.);
#1328=ORIENTED_EDGE('',*,*,#887,.T.);
#1329=ORIENTED_EDGE('',*,*,#882,.T.);
#1330=ORIENTED_EDGE('',*,*,#909,.T.);
#1331=ORIENTED_EDGE('',*,*,#912,.T.);
#1332=ORIENTED_EDGE('',*,*,#915,.T.);
#1333=ORIENTED_EDGE('',*,*,#918,.T.);
#1334=ORIENTED_EDGE('',*,*,#983,.T.);
#1335=ORIENTED_EDGE('',*,*,#981,.T.);
#1336=ORIENTED_EDGE('',*,*,#979,.T.);
#1337=ORIENTED_EDGE('',*,*,#931,.T.);
#1338=ORIENTED_EDGE('',*,*,#927,.T.);
#1339=ORIENTED_EDGE('',*,*,#950,.T.);
#1340=ORIENTED_EDGE('',*,*,#953,.T.);
#1341=ORIENTED_EDGE('',*,*,#977,.T.);
#1342=ORIENTED_EDGE('',*,*,#975,.T.);
#1343=ORIENTED_EDGE('',*,*,#973,.T.);
#1344=ORIENTED_EDGE('',*,*,#971,.T.);
#1345=ORIENTED_EDGE('',*,*,#969,.T.);
#1346=ORIENTED_EDGE('',*,*,#967,.T.);
#1347=ORIENTED_EDGE('',*,*,#985,.F.);
#1348=ORIENTED_EDGE('',*,*,#986,.T.);
#1349=ORIENTED_EDGE('',*,*,#987,.F.);
#1350=ORIENTED_EDGE('',*,*,#988,.F.);
#1351=ORIENTED_EDGE('',*,*,#989,.F.);
#1352=ORIENTED_EDGE('',*,*,#988,.T.);
#1353=ORIENTED_EDGE('',*,*,#990,.F.);
#1354=ORIENTED_EDGE('',*,*,#991,.F.);
#1355=ORIENTED_EDGE('',*,*,#992,.F.);
#1356=ORIENTED_EDGE('',*,*,#991,.T.);
#1357=ORIENTED_EDGE('',*,*,#993,.F.);
#1358=ORIENTED_EDGE('',*,*,#994,.F.);
#1359=ORIENTED_EDGE('',*,*,#995,.F.);
#1360=ORIENTED_EDGE('',*,*,#994,.T.);
#1361=ORIENTED_EDGE('',*,*,#996,.F.);
#1362=ORIENTED_EDGE('',*,*,#986,.F.);
#1363=ORIENTED_EDGE('',*,*,#996,.T.);
#1364=ORIENTED_EDGE('',*,*,#993,.T.);
#1365=ORIENTED_EDGE('',*,*,#990,.T.);
#1366=ORIENTED_EDGE('',*,*,#987,.T.);
#1367=ORIENTED_EDGE('',*,*,#995,.T.);
#1368=ORIENTED_EDGE('',*,*,#985,.T.);
#1369=ORIENTED_EDGE('',*,*,#989,.T.);
#1370=ORIENTED_EDGE('',*,*,#992,.T.);
#1371=ORIENTED_EDGE('',*,*,#997,.T.);
#1372=ORIENTED_EDGE('',*,*,#998,.T.);
#1373=ORIENTED_EDGE('',*,*,#999,.F.);
#1374=ORIENTED_EDGE('',*,*,#1000,.F.);
#1375=ORIENTED_EDGE('',*,*,#1001,.T.);
#1376=ORIENTED_EDGE('',*,*,#1000,.T.);
#1377=ORIENTED_EDGE('',*,*,#1002,.F.);
#1378=ORIENTED_EDGE('',*,*,#1003,.F.);
#1379=ORIENTED_EDGE('',*,*,#1004,.T.);
#1380=ORIENTED_EDGE('',*,*,#1003,.T.);
#1381=ORIENTED_EDGE('',*,*,#1005,.F.);
#1382=ORIENTED_EDGE('',*,*,#1006,.F.);
#1383=ORIENTED_EDGE('',*,*,#1007,.T.);
#1384=ORIENTED_EDGE('',*,*,#1006,.T.);
#1385=ORIENTED_EDGE('',*,*,#1008,.F.);
#1386=ORIENTED_EDGE('',*,*,#998,.F.);
#1387=ORIENTED_EDGE('',*,*,#1008,.T.);
#1388=ORIENTED_EDGE('',*,*,#1005,.T.);
#1389=ORIENTED_EDGE('',*,*,#1002,.T.);
#1390=ORIENTED_EDGE('',*,*,#999,.T.);
#1391=ORIENTED_EDGE('',*,*,#1007,.F.);
#1392=ORIENTED_EDGE('',*,*,#997,.F.);
#1393=ORIENTED_EDGE('',*,*,#1001,.F.);
#1394=ORIENTED_EDGE('',*,*,#1004,.F.);
#1395=ORIENTED_EDGE('',*,*,#1009,.T.);
#1396=ORIENTED_EDGE('',*,*,#1010,.T.);
#1397=ORIENTED_EDGE('',*,*,#1011,.F.);
#1398=ORIENTED_EDGE('',*,*,#1012,.F.);
#1399=ORIENTED_EDGE('',*,*,#1013,.T.);
#1400=ORIENTED_EDGE('',*,*,#1012,.T.);
#1401=ORIENTED_EDGE('',*,*,#1014,.F.);
#1402=ORIENTED_EDGE('',*,*,#1015,.F.);
#1403=ORIENTED_EDGE('',*,*,#1016,.T.);
#1404=ORIENTED_EDGE('',*,*,#1015,.T.);
#1405=ORIENTED_EDGE('',*,*,#1017,.F.);
#1406=ORIENTED_EDGE('',*,*,#1018,.F.);
#1407=ORIENTED_EDGE('',*,*,#1019,.T.);
#1408=ORIENTED_EDGE('',*,*,#1018,.T.);
#1409=ORIENTED_EDGE('',*,*,#1020,.F.);
#1410=ORIENTED_EDGE('',*,*,#1010,.F.);
#1411=ORIENTED_EDGE('',*,*,#1021,.F.);
#1412=ORIENTED_EDGE('',*,*,#1022,.T.);
#1413=ORIENTED_EDGE('',*,*,#1023,.F.);
#1414=ORIENTED_EDGE('',*,*,#1024,.F.);
#1415=ORIENTED_EDGE('',*,*,#1025,.F.);
#1416=ORIENTED_EDGE('',*,*,#1024,.T.);
#1417=ORIENTED_EDGE('',*,*,#1026,.F.);
#1418=ORIENTED_EDGE('',*,*,#1027,.F.);
#1419=ORIENTED_EDGE('',*,*,#1028,.F.);
#1420=ORIENTED_EDGE('',*,*,#1027,.T.);
#1421=ORIENTED_EDGE('',*,*,#1029,.F.);
#1422=ORIENTED_EDGE('',*,*,#1030,.F.);
#1423=ORIENTED_EDGE('',*,*,#1031,.F.);
#1424=ORIENTED_EDGE('',*,*,#1030,.T.);
#1425=ORIENTED_EDGE('',*,*,#1032,.F.);
#1426=ORIENTED_EDGE('',*,*,#1022,.F.);
#1427=ORIENTED_EDGE('',*,*,#1032,.T.);
#1428=ORIENTED_EDGE('',*,*,#1029,.T.);
#1429=ORIENTED_EDGE('',*,*,#1026,.T.);
#1430=ORIENTED_EDGE('',*,*,#1023,.T.);
#1431=ORIENTED_EDGE('',*,*,#1020,.T.);
#1432=ORIENTED_EDGE('',*,*,#1017,.T.);
#1433=ORIENTED_EDGE('',*,*,#1014,.T.);
#1434=ORIENTED_EDGE('',*,*,#1011,.T.);
#1435=ORIENTED_EDGE('',*,*,#1031,.T.);
#1436=ORIENTED_EDGE('',*,*,#1021,.T.);
#1437=ORIENTED_EDGE('',*,*,#1025,.T.);
#1438=ORIENTED_EDGE('',*,*,#1028,.T.);
#1439=ORIENTED_EDGE('',*,*,#1019,.F.);
#1440=ORIENTED_EDGE('',*,*,#1009,.F.);
#1441=ORIENTED_EDGE('',*,*,#1013,.F.);
#1442=ORIENTED_EDGE('',*,*,#1016,.F.);
#1443=TOROIDAL_SURFACE('',#1549,3.4,0.25);
#1444=TOROIDAL_SURFACE('',#1554,3.4,0.25);
#1445=TOROIDAL_SURFACE('',#1566,3.4,0.25);
#1446=TOROIDAL_SURFACE('',#1569,3.4,0.25);
#1447=ADVANCED_FACE('',(#418),#1443,.T.);
#1448=ADVANCED_FACE('',(#419),#393,.T.);
#1449=ADVANCED_FACE('',(#420),#1444,.T.);
#1450=ADVANCED_FACE('',(#421),#65,.F.);
#1451=ADVANCED_FACE('',(#422),#394,.F.);
#1452=ADVANCED_FACE('',(#423),#59,.F.);
#1453=ADVANCED_FACE('',(#424),#395,.T.);
#1454=ADVANCED_FACE('',(#425),#1445,.T.);
#1455=ADVANCED_FACE('',(#426),#1446,.T.);
#1456=ADVANCED_FACE('',(#427,#21,#22,#23,#24,#25,#26,#27,#28,#29,#30,#31,
#32),#66,.F.);
#1457=ADVANCED_FACE('',(#428),#396,.F.);
#1458=ADVANCED_FACE('',(#429),#60,.F.);
#1459=ADVANCED_FACE('',(#430),#397,.F.);
#1460=ADVANCED_FACE('',(#431),#67,.F.);
#1461=ADVANCED_FACE('',(#432),#398,.F.);
#1462=ADVANCED_FACE('',(#433),#61,.F.);
#1463=ADVANCED_FACE('',(#434),#399,.F.);
#1464=ADVANCED_FACE('',(#435),#62,.F.);
#1465=ADVANCED_FACE('',(#436),#400,.F.);
#1466=ADVANCED_FACE('',(#437),#63,.F.);
#1467=ADVANCED_FACE('',(#438),#401,.F.);
#1468=ADVANCED_FACE('',(#439),#64,.F.);
#1469=ADVANCED_FACE('',(#440),#402,.F.);
#1470=ADVANCED_FACE('',(#441),#403,.T.);
#1471=ADVANCED_FACE('',(#442,#33),#68,.T.);
#1472=ADVANCED_FACE('',(#443),#404,.T.);
#1473=ADVANCED_FACE('',(#444,#34),#69,.T.);
#1474=ADVANCED_FACE('',(#445),#405,.T.);
#1475=ADVANCED_FACE('',(#446,#35),#70,.T.);
#1476=ADVANCED_FACE('',(#447),#406,.T.);
#1477=ADVANCED_FACE('',(#448,#36),#71,.T.);
#1478=ADVANCED_FACE('',(#449,#37),#72,.T.);
#1479=ADVANCED_FACE('',(#450),#73,.T.);
#1480=ADVANCED_FACE('',(#451),#74,.T.);
#1481=ADVANCED_FACE('',(#452),#75,.T.);
#1482=ADVANCED_FACE('',(#453),#76,.T.);
#1483=ADVANCED_FACE('',(#454),#77,.T.);
#1484=ADVANCED_FACE('',(#455),#78,.T.);
#1485=ADVANCED_FACE('',(#456),#79,.T.);
#1486=ADVANCED_FACE('',(#457),#80,.T.);
#1487=ADVANCED_FACE('',(#458),#81,.T.);
#1488=ADVANCED_FACE('',(#459),#82,.T.);
#1489=ADVANCED_FACE('',(#460),#83,.T.);
#1490=ADVANCED_FACE('',(#461),#84,.T.);
#1491=ADVANCED_FACE('',(#462,#38,#39),#85,.T.);
#1492=ADVANCED_FACE('',(#463),#86,.T.);
#1493=ADVANCED_FACE('',(#464),#87,.T.);
#1494=ADVANCED_FACE('',(#465),#88,.T.);
#1495=ADVANCED_FACE('',(#466),#89,.T.);
#1496=ADVANCED_FACE('',(#467),#90,.T.);
#1497=ADVANCED_FACE('',(#468),#91,.T.);
#1498=ADVANCED_FACE('',(#469),#92,.T.);
#1499=ADVANCED_FACE('',(#470),#93,.T.);
#1500=ADVANCED_FACE('',(#471),#407,.F.);
#1501=ADVANCED_FACE('',(#472),#408,.F.);
#1502=ADVANCED_FACE('',(#473),#409,.F.);
#1503=ADVANCED_FACE('',(#474),#410,.F.);
#1504=ADVANCED_FACE('',(#475),#411,.F.);
#1505=ADVANCED_FACE('',(#476),#412,.F.);
#1506=ADVANCED_FACE('',(#477),#413,.F.);
#1507=ADVANCED_FACE('',(#478),#414,.F.);
#1508=ADVANCED_FACE('',(#479),#415,.F.);
#1509=ADVANCED_FACE('',(#480,#40,#41,#42,#43,#44,#45,#46,#47,#48,#49,#50,
#51,#52,#53,#54,#55,#56),#94,.T.);
#1510=ADVANCED_FACE('',(#481),#95,.T.);
#1511=ADVANCED_FACE('',(#482),#96,.T.);
#1512=ADVANCED_FACE('',(#483),#97,.T.);
#1513=ADVANCED_FACE('',(#484),#98,.T.);
#1514=ADVANCED_FACE('',(#485),#99,.T.);
#1515=ADVANCED_FACE('',(#486),#100,.F.);
#1516=ADVANCED_FACE('',(#487),#101,.T.);
#1517=ADVANCED_FACE('',(#488),#102,.T.);
#1518=ADVANCED_FACE('',(#489),#103,.T.);
#1519=ADVANCED_FACE('',(#490),#104,.T.);
#1520=ADVANCED_FACE('',(#491),#105,.T.);
#1521=ADVANCED_FACE('',(#492),#106,.F.);
#1522=ADVANCED_FACE('',(#493),#107,.T.);
#1523=ADVANCED_FACE('',(#494),#416,.F.);
#1524=ADVANCED_FACE('',(#495),#108,.T.);
#1525=ADVANCED_FACE('',(#496),#417,.F.);
#1526=ADVANCED_FACE('',(#497),#109,.T.);
#1527=ADVANCED_FACE('',(#498),#110,.T.);
#1528=ADVANCED_FACE('',(#499),#111,.T.);
#1529=ADVANCED_FACE('',(#500),#112,.T.);
#1530=ADVANCED_FACE('',(#501,#57),#113,.T.);
#1531=ADVANCED_FACE('',(#502,#58),#114,.F.);
#1532=CLOSED_SHELL('',(#1447,#1448,#1449,#1450,#1451,#1452,#1453,#1454,
#1455,#1456,#1457,#1458,#1459,#1460,#1461,#1462,#1463,#1464,#1465,#1466,
#1467,#1468,#1469,#1470,#1471,#1472,#1473,#1474,#1475,#1476,#1477,#1478,
#1479,#1480,#1481,#1482,#1483,#1484,#1485,#1486,#1487,#1488,#1489,#1490,
#1491,#1492,#1493,#1494,#1495,#1496,#1497,#1498,#1499,#1500,#1501,#1502,
#1503,#1504,#1505,#1506,#1507,#1508,#1509));
#1533=CLOSED_SHELL('',(#1510,#1511,#1512,#1513,#1514,#1515));
#1534=CLOSED_SHELL('',(#1516,#1517,#1518,#1519,#1520,#1521));
#1535=CLOSED_SHELL('',(#1522,#1523,#1524,#1525,#1526,#1527,#1528,#1529,
#1530,#1531));
#1536=DERIVED_UNIT_ELEMENT(#1538,1.);
#1537=DERIVED_UNIT_ELEMENT(#2641,-3.);
#1538=(
MASS_UNIT()
NAMED_UNIT(*)
SI_UNIT(.KILO.,.GRAM.)
);
#1539=DERIVED_UNIT((#1536,#1537));
#1540=MEASURE_REPRESENTATION_ITEM('density measure',
POSITIVE_RATIO_MEASURE(7850.),#1539);
#1541=PROPERTY_DEFINITION_REPRESENTATION(#1546,#1543);
#1542=PROPERTY_DEFINITION_REPRESENTATION(#1547,#1544);
#1543=REPRESENTATION('material name',(#1545),#2638);
#1544=REPRESENTATION('density',(#1540),#2638);
#1545=DESCRIPTIVE_REPRESENTATION_ITEM('Steel','Steel');
#1546=PROPERTY_DEFINITION('material property','material name',#2648);
#1547=PROPERTY_DEFINITION('material property','density of part',#2648);
#1548=AXIS2_PLACEMENT_3D('',#2116,#1691,#1692);
#1549=AXIS2_PLACEMENT_3D('',#2117,#1693,#1694);
#1550=AXIS2_PLACEMENT_3D('',#2133,#1695,#1696);
#1551=AXIS2_PLACEMENT_3D('',#2135,#1697,#1698);
#1552=AXIS2_PLACEMENT_3D('',#2136,#1699,#1700);
#1553=AXIS2_PLACEMENT_3D('',#2137,#1701,#1702);
#1554=AXIS2_PLACEMENT_3D('',#2154,#1705,#1706);
#1555=AXIS2_PLACEMENT_3D('',#2156,#1707,#1708);
#1556=AXIS2_PLACEMENT_3D('',#2170,#1709,#1710);
#1557=AXIS2_PLACEMENT_3D('',#2171,#1711,#1712);
#1558=AXIS2_PLACEMENT_3D('',#2177,#1716,#1717);
#1559=AXIS2_PLACEMENT_3D('',#2197,#1718,#1719);
#1560=AXIS2_PLACEMENT_3D('',#2200,#1721,#1722);
#1561=AXIS2_PLACEMENT_3D('',#2201,#1723,#1724);
#1562=AXIS2_PLACEMENT_3D('',#2203,#1725,#1726);
#1563=AXIS2_PLACEMENT_3D('',#2218,#1728,#1729);
#1564=AXIS2_PLACEMENT_3D('',#2219,#1730,#1731);
#1565=AXIS2_PLACEMENT_3D('',#2223,#1733,#1734);
#1566=AXIS2_PLACEMENT_3D('',#2238,#1736,#1737);
#1567=AXIS2_PLACEMENT_3D('',#2240,#1738,#1739);
#1568=AXIS2_PLACEMENT_3D('',#2254,#1740,#1741);
#1569=AXIS2_PLACEMENT_3D('',#2255,#1742,#1743);
#1570=AXIS2_PLACEMENT_3D('',#2256,#1744,#1745);
#1571=AXIS2_PLACEMENT_3D('',#2257,#1746,#1747);
#1572=AXIS2_PLACEMENT_3D('',#2267,#1752,#1753);
#1573=AXIS2_PLACEMENT_3D('',#2268,#1754,#1755);
#1574=AXIS2_PLACEMENT_3D('',#2270,#1756,#1757);
#1575=AXIS2_PLACEMENT_3D('',#2272,#1758,#1759);
#1576=AXIS2_PLACEMENT_3D('',#2274,#1760,#1761);
#1577=AXIS2_PLACEMENT_3D('',#2276,#1762,#1763);
#1578=AXIS2_PLACEMENT_3D('',#2278,#1764,#1765);
#1579=AXIS2_PLACEMENT_3D('',#2280,#1766,#1767);
#1580=AXIS2_PLACEMENT_3D('',#2282,#1768,#1769);
#1581=AXIS2_PLACEMENT_3D('',#2284,#1770,#1771);
#1582=AXIS2_PLACEMENT_3D('',#2286,#1772,#1773);
#1583=AXIS2_PLACEMENT_3D('',#2303,#1782,#1783);
#1584=AXIS2_PLACEMENT_3D('',#2306,#1785,#1786);
#1585=AXIS2_PLACEMENT_3D('',#2307,#1787,#1788);
#1586=AXIS2_PLACEMENT_3D('',#2324,#1790,#1791);
#1587=AXIS2_PLACEMENT_3D('',#2325,#1792,#1793);
#1588=AXIS2_PLACEMENT_3D('',#2328,#1795,#1796);
#1589=AXIS2_PLACEMENT_3D('',#2329,#1797,#1798);
#1590=AXIS2_PLACEMENT_3D('',#2333,#1801,#1802);
#1591=AXIS2_PLACEMENT_3D('',#2334,#1803,#1804);
#1592=AXIS2_PLACEMENT_3D('',#2335,#1805,#1806);
#1593=AXIS2_PLACEMENT_3D('',#2337,#1807,#1808);
#1594=AXIS2_PLACEMENT_3D('',#2340,#1810,#1811);
#1595=AXIS2_PLACEMENT_3D('',#2342,#1812,#1813);
#1596=AXIS2_PLACEMENT_3D('',#2344,#1815,#1816);
#1597=AXIS2_PLACEMENT_3D('',#2346,#1817,#1818);
#1598=AXIS2_PLACEMENT_3D('',#2349,#1820,#1821);
#1599=AXIS2_PLACEMENT_3D('',#2351,#1822,#1823);
#1600=AXIS2_PLACEMENT_3D('',#2353,#1825,#1826);
#1601=AXIS2_PLACEMENT_3D('',#2355,#1827,#1828);
#1602=AXIS2_PLACEMENT_3D('',#2358,#1830,#1831);
#1603=AXIS2_PLACEMENT_3D('',#2360,#1832,#1833);
#1604=AXIS2_PLACEMENT_3D('',#2362,#1835,#1836);
#1605=AXIS2_PLACEMENT_3D('',#2364,#1837,#1838);
#1606=AXIS2_PLACEMENT_3D('',#2367,#1840,#1841);
#1607=AXIS2_PLACEMENT_3D('',#2369,#1842,#1843);
#1608=AXIS2_PLACEMENT_3D('',#2371,#1845,#1846);
#1609=AXIS2_PLACEMENT_3D('',#2373,#1847,#1848);
#1610=AXIS2_PLACEMENT_3D('',#2376,#1850,#1851);
#1611=AXIS2_PLACEMENT_3D('',#2377,#1852,#1853);
#1612=AXIS2_PLACEMENT_3D('',#2378,#1854,#1855);
#1613=AXIS2_PLACEMENT_3D('',#2380,#1856,#1857);
#1614=AXIS2_PLACEMENT_3D('',#2383,#1859,#1860);
#1615=AXIS2_PLACEMENT_3D('',#2384,#1861,#1862);
#1616=AXIS2_PLACEMENT_3D('',#2385,#1863,#1864);
#1617=AXIS2_PLACEMENT_3D('',#2387,#1865,#1866);
#1618=AXIS2_PLACEMENT_3D('',#2390,#1868,#1869);
#1619=AXIS2_PLACEMENT_3D('',#2391,#1870,#1871);
#1620=AXIS2_PLACEMENT_3D('',#2392,#1872,#1873);
#1621=AXIS2_PLACEMENT_3D('',#2394,#1874,#1875);
#1622=AXIS2_PLACEMENT_3D('',#2397,#1877,#1878);
#1623=AXIS2_PLACEMENT_3D('',#2398,#1879,#1880);
#1624=AXIS2_PLACEMENT_3D('',#2399,#1881,#1882);
#1625=AXIS2_PLACEMENT_3D('',#2416,#1891,#1892);
#1626=AXIS2_PLACEMENT_3D('',#2425,#1897,#1898);
#1627=AXIS2_PLACEMENT_3D('',#2431,#1902,#1903);
#1628=AXIS2_PLACEMENT_3D('',#2437,#1907,#1908);
#1629=AXIS2_PLACEMENT_3D('',#2441,#1911,#1912);
#1630=AXIS2_PLACEMENT_3D('',#2445,#1915,#1916);
#1631=AXIS2_PLACEMENT_3D('',#2447,#1918,#1919);
#1632=AXIS2_PLACEMENT_3D('',#2453,#1923,#1924);
#1633=AXIS2_PLACEMENT_3D('',#2457,#1927,#1928);
#1634=AXIS2_PLACEMENT_3D('',#2461,#1931,#1932);
#1635=AXIS2_PLACEMENT_3D('',#2463,#1934,#1935);
#1636=AXIS2_PLACEMENT_3D('',#2469,#1939,#1940);
#1637=AXIS2_PLACEMENT_3D('',#2472,#1943,#1944);
#1638=AXIS2_PLACEMENT_3D('',#2473,#1945,#1946);
#1639=AXIS2_PLACEMENT_3D('',#2479,#1950,#1951);
#1640=AXIS2_PLACEMENT_3D('',#2483,#1954,#1955);
#1641=AXIS2_PLACEMENT_3D('',#2487,#1958,#1959);
#1642=AXIS2_PLACEMENT_3D('',#2489,#1961,#1962);
#1643=AXIS2_PLACEMENT_3D('',#2492,#1965,#1966);
#1644=AXIS2_PLACEMENT_3D('',#2494,#1968,#1969);
#1645=AXIS2_PLACEMENT_3D('',#2496,#1971,#1972);
#1646=AXIS2_PLACEMENT_3D('',#2497,#1973,#1974);
#1647=AXIS2_PLACEMENT_3D('',#2499,#1975,#1976);
#1648=AXIS2_PLACEMENT_3D('',#2501,#1978,#1979);
#1649=AXIS2_PLACEMENT_3D('',#2503,#1980,#1981);
#1650=AXIS2_PLACEMENT_3D('',#2505,#1983,#1984);
#1651=AXIS2_PLACEMENT_3D('',#2507,#1985,#1986);
#1652=AXIS2_PLACEMENT_3D('',#2509,#1988,#1989);
#1653=AXIS2_PLACEMENT_3D('',#2511,#1990,#1991);
#1654=AXIS2_PLACEMENT_3D('',#2513,#1993,#1994);
#1655=AXIS2_PLACEMENT_3D('',#2515,#1995,#1996);
#1656=AXIS2_PLACEMENT_3D('',#2517,#1998,#1999);
#1657=AXIS2_PLACEMENT_3D('',#2519,#2000,#2001);
#1658=AXIS2_PLACEMENT_3D('',#2521,#2003,#2004);
#1659=AXIS2_PLACEMENT_3D('',#2523,#2005,#2006);
#1660=AXIS2_PLACEMENT_3D('',#2525,#2008,#2009);
#1661=AXIS2_PLACEMENT_3D('',#2527,#2010,#2011);
#1662=AXIS2_PLACEMENT_3D('',#2529,#2013,#2014);
#1663=AXIS2_PLACEMENT_3D('',#2531,#2015,#2016);
#1664=AXIS2_PLACEMENT_3D('',#2533,#2018,#2019);
#1665=AXIS2_PLACEMENT_3D('',#2534,#2020,#2021);
#1666=AXIS2_PLACEMENT_3D('',#2543,#2026,#2027);
#1667=AXIS2_PLACEMENT_3D('',#2549,#2031,#2032);
#1668=AXIS2_PLACEMENT_3D('',#2555,#2036,#2037);
#1669=AXIS2_PLACEMENT_3D('',#2558,#2040,#2041);
#1670=AXIS2_PLACEMENT_3D('',#2559,#2042,#2043);
#1671=AXIS2_PLACEMENT_3D('',#2560,#2044,#2045);
#1672=AXIS2_PLACEMENT_3D('',#2569,#2050,#2051);
#1673=AXIS2_PLACEMENT_3D('',#2575,#2055,#2056);
#1674=AXIS2_PLACEMENT_3D('',#2581,#2060,#2061);
#1675=AXIS2_PLACEMENT_3D('',#2584,#2064,#2065);
#1676=AXIS2_PLACEMENT_3D('',#2585,#2066,#2067);
#1677=AXIS2_PLACEMENT_3D('',#2586,#2068,#2069);
#1678=AXIS2_PLACEMENT_3D('',#2595,#2074,#2075);
#1679=AXIS2_PLACEMENT_3D('',#2597,#2076,#2077);
#1680=AXIS2_PLACEMENT_3D('',#2599,#2078,#2079);
#1681=AXIS2_PLACEMENT_3D('',#2601,#2081,#2082);
#1682=AXIS2_PLACEMENT_3D('',#2607,#2086,#2087);
#1683=AXIS2_PLACEMENT_3D('',#2608,#2088,#2089);
#1684=AXIS2_PLACEMENT_3D('',#2609,#2090,#2091);
#1685=AXIS2_PLACEMENT_3D('',#2610,#2092,#2093);
#1686=AXIS2_PLACEMENT_3D('',#2619,#2098,#2099);
#1687=AXIS2_PLACEMENT_3D('',#2625,#2103,#2104);
#1688=AXIS2_PLACEMENT_3D('',#2631,#2108,#2109);
#1689=AXIS2_PLACEMENT_3D('',#2634,#2112,#2113);
#1690=AXIS2_PLACEMENT_3D('',#2635,#2114,#2115);
#1691=DIRECTION('axis',(0.,0.,1.));
#1692=DIRECTION('refdir',(1.,0.,0.));
#1693=DIRECTION('center_axis',(0.,0.,1.));
#1694=DIRECTION('ref_axis',(1.,0.,0.));
#1695=DIRECTION('center_axis',(0.,0.,1.));
#1696=DIRECTION('ref_axis',(0.499791977034551,0.866145472592159,0.));
#1697=DIRECTION('center_axis',(0.999984347454363,0.00559507339296761,0.));
#1698=DIRECTION('ref_axis',(0.00559507339296762,-0.999984347454363,0.));
#1699=DIRECTION('center_axis',(0.,0.,-1.));
#1700=DIRECTION('ref_axis',(0.499791977034551,0.866145472592159,0.));
#1701=DIRECTION('center_axis',(-0.999984347454363,-0.00559507339294408,
0.));
#1702=DIRECTION('ref_axis',(0.00395631433745415,-0.707095713165383,-0.707106781186549));
#1703=DIRECTION('',(0.999984347454363,0.00559507339294408,0.));
#1704=DIRECTION('',(-0.999984347454363,-0.00559507339294408,0.));
#1705=DIRECTION('center_axis',(0.,0.,1.));
#1706=DIRECTION('ref_axis',(1.,0.,0.));
#1707=DIRECTION('center_axis',(0.,0.,1.));
#1708=DIRECTION('ref_axis',(-0.430063629342575,0.902798579261561,0.));
#1709=DIRECTION('center_axis',(0.,0.,-1.));
#1710=DIRECTION('ref_axis',(-0.430063629342575,0.902798579261561,0.));
#1711=DIRECTION('center_axis',(-0.00559507339294408,0.999984347454363,0.));
#1712=DIRECTION('ref_axis',(-0.999984347454363,-0.00559507339294408,0.));
#1713=DIRECTION('',(0.,0.,1.));
#1714=DIRECTION('',(0.999984347454363,0.00559507339294408,0.));
#1715=DIRECTION('',(0.,0.,1.));
#1716=DIRECTION('center_axis',(0.,0.,1.));
#1717=DIRECTION('ref_axis',(1.,0.,0.));
#1718=DIRECTION('center_axis',(0.,0.,1.));
#1719=DIRECTION('ref_axis',(0.500238894382065,-0.865887434108735,0.));
#1720=DIRECTION('',(0.,0.,1.));
#1721=DIRECTION('center_axis',(0.,0.,-1.));
#1722=DIRECTION('ref_axis',(1.,0.,0.));
#1723=DIRECTION('center_axis',(0.,0.,-1.));
#1724=DIRECTION('ref_axis',(1.,0.,0.));
#1725=DIRECTION('center_axis',(0.,0.,-1.));
#1726=DIRECTION('ref_axis',(1.,0.,0.));
#1727=DIRECTION('',(0.707106781186546,-8.65956056235492E-17,0.707106781186549));
#1728=DIRECTION('center_axis',(0.,0.,1.));
#1729=DIRECTION('ref_axis',(1.,0.,0.));
#1730=DIRECTION('center_axis',(0.999989589622369,-0.00456296470366872,0.));
#1731=DIRECTION('ref_axis',(0.00322650328428731,0.70709941993793,-0.707106781186547));
#1732=DIRECTION('',(0.999989589622369,-0.00456296470366872,0.));
#1733=DIRECTION('center_axis',(-0.999989589622368,0.00456296470371598,0.));
#1734=DIRECTION('ref_axis',(0.00456296470371598,0.999989589622368,0.));
#1735=DIRECTION('',(-0.999989589622369,0.00456296470366872,0.));
#1736=DIRECTION('center_axis',(0.,0.,1.));
#1737=DIRECTION('ref_axis',(1.,0.,0.));
#1738=DIRECTION('center_axis',(0.,0.,-1.));
#1739=DIRECTION('ref_axis',(-0.436985055366807,-0.899468766209293,0.));
#1740=DIRECTION('center_axis',(0.,0.,1.));
#1741=DIRECTION('ref_axis',(-0.436985055366807,-0.899468766209293,0.));
#1742=DIRECTION('center_axis',(0.,0.,1.));
#1743=DIRECTION('ref_axis',(1.,0.,0.));
#1744=DIRECTION('center_axis',(0.,0.,-1.));
#1745=DIRECTION('ref_axis',(0.500238894382065,-0.865887434108735,0.));
#1746=DIRECTION('center_axis',(0.,0.,1.));
#1747=DIRECTION('ref_axis',(1.,0.,0.));
#1748=DIRECTION('',(1.,0.,0.));
#1749=DIRECTION('',(0.,-1.,0.));
#1750=DIRECTION('',(-1.,0.,0.));
#1751=DIRECTION('',(0.,1.,0.));
#1752=DIRECTION('center_axis',(0.,0.,-1.));
#1753=DIRECTION('ref_axis',(1.,0.,0.));
#1754=DIRECTION('center_axis',(0.,0.,-1.));
#1755=DIRECTION('ref_axis',(1.,0.,0.));
#1756=DIRECTION('center_axis',(0.,0.,-1.));
#1757=DIRECTION('ref_axis',(1.,0.,0.));
#1758=DIRECTION('center_axis',(0.,0.,-1.));
#1759=DIRECTION('ref_axis',(1.,0.,0.));
#1760=DIRECTION('center_axis',(0.,0.,-1.));
#1761=DIRECTION('ref_axis',(1.,0.,0.));
#1762=DIRECTION('center_axis',(0.,0.,-1.));
#1763=DIRECTION('ref_axis',(1.,0.,0.));
#1764=DIRECTION('center_axis',(0.,0.,-1.));
#1765=DIRECTION('ref_axis',(1.,0.,0.));
#1766=DIRECTION('center_axis',(0.,0.,-1.));
#1767=DIRECTION('ref_axis',(1.,0.,0.));
#1768=DIRECTION('center_axis',(0.,0.,-1.));
#1769=DIRECTION('ref_axis',(1.,0.,0.));
#1770=DIRECTION('center_axis',(0.,0.,-1.));
#1771=DIRECTION('ref_axis',(1.,0.,0.));
#1772=DIRECTION('center_axis',(0.,0.,-1.));
#1773=DIRECTION('ref_axis',(1.,0.,0.));
#1774=DIRECTION('',(-1.,0.,0.));
#1775=DIRECTION('',(0.,-1.,0.));
#1776=DIRECTION('',(1.,0.,0.));
#1777=DIRECTION('',(0.,1.,0.));
#1778=DIRECTION('',(-1.,0.,0.));
#1779=DIRECTION('',(0.,-1.,0.));
#1780=DIRECTION('',(1.,0.,0.));
#1781=DIRECTION('',(0.,1.,0.));
#1782=DIRECTION('center_axis',(0.,0.,1.));
#1783=DIRECTION('ref_axis',(1.,0.,0.));
#1784=DIRECTION('',(0.,0.,1.));
#1785=DIRECTION('center_axis',(0.,0.,-1.));
#1786=DIRECTION('ref_axis',(1.,0.,0.));
#1787=DIRECTION('center_axis',(0.,0.,-1.));
#1788=DIRECTION('ref_axis',(1.,0.,0.));
#1789=DIRECTION('',(0.707106781186548,-8.65956056235494E-17,0.707106781186547));
#1790=DIRECTION('center_axis',(0.,0.,1.));
#1791=DIRECTION('ref_axis',(1.,0.,0.));
#1792=DIRECTION('center_axis',(0.,0.,1.));
#1793=DIRECTION('ref_axis',(1.,0.,0.));
#1794=DIRECTION('',(0.,0.,1.));
#1795=DIRECTION('center_axis',(0.,0.,-1.));
#1796=DIRECTION('ref_axis',(1.,0.,0.));
#1797=DIRECTION('center_axis',(-0.00456296470366872,-0.999989589622369,
0.));
#1798=DIRECTION('ref_axis',(0.999989589622369,-0.00456296470366872,0.));
#1799=DIRECTION('',(0.,0.,1.));
#1800=DIRECTION('',(-0.999989589622369,0.00456296470366872,0.));
#1801=DIRECTION('center_axis',(0.,0.,1.));
#1802=DIRECTION('ref_axis',(-0.999970503103414,0.00768068506743146,0.));
#1803=DIRECTION('center_axis',(0.,0.,-1.));
#1804=DIRECTION('ref_axis',(1.,0.,0.));
#1805=DIRECTION('center_axis',(0.,0.,1.));
#1806=DIRECTION('ref_axis',(1.,0.,0.));
#1807=DIRECTION('center_axis',(0.,0.,-1.));
#1808=DIRECTION('ref_axis',(1.,0.,0.));
#1809=DIRECTION('',(0.857167300702112,-1.04972719113862E-16,-0.515038074910054));
#1810=DIRECTION('center_axis',(0.,0.,-1.));
#1811=DIRECTION('ref_axis',(1.,0.,0.));
#1812=DIRECTION('center_axis',(0.,0.,-1.));
#1813=DIRECTION('ref_axis',(1.,0.,0.));
#1814=DIRECTION('',(0.,0.,-1.));
#1815=DIRECTION('center_axis',(0.,0.,1.));
#1816=DIRECTION('ref_axis',(1.,0.,0.));
#1817=DIRECTION('center_axis',(0.,0.,-1.));
#1818=DIRECTION('ref_axis',(1.,0.,0.));
#1819=DIRECTION('',(0.857167300702112,-1.04972719113862E-16,-0.515038074910054));
#1820=DIRECTION('center_axis',(0.,0.,-1.));
#1821=DIRECTION('ref_axis',(1.,0.,0.));
#1822=DIRECTION('center_axis',(0.,0.,-1.));
#1823=DIRECTION('ref_axis',(1.,0.,0.));
#1824=DIRECTION('',(0.,0.,-1.));
#1825=DIRECTION('center_axis',(0.,0.,1.));
#1826=DIRECTION('ref_axis',(1.,0.,0.));
#1827=DIRECTION('center_axis',(0.,0.,-1.));
#1828=DIRECTION('ref_axis',(1.,0.,0.));
#1829=DIRECTION('',(0.857167300702112,-1.04972719113862E-16,-0.515038074910054));
#1830=DIRECTION('center_axis',(0.,0.,-1.));
#1831=DIRECTION('ref_axis',(1.,0.,0.));
#1832=DIRECTION('center_axis',(0.,0.,-1.));
#1833=DIRECTION('ref_axis',(1.,0.,0.));
#1834=DIRECTION('',(0.,0.,-1.));
#1835=DIRECTION('center_axis',(0.,0.,1.));
#1836=DIRECTION('ref_axis',(1.,0.,0.));
#1837=DIRECTION('center_axis',(0.,0.,-1.));
#1838=DIRECTION('ref_axis',(1.,0.,0.));
#1839=DIRECTION('',(0.857167300702112,-1.04972719113862E-16,-0.515038074910054));
#1840=DIRECTION('center_axis',(0.,0.,-1.));
#1841=DIRECTION('ref_axis',(1.,0.,0.));
#1842=DIRECTION('center_axis',(0.,0.,-1.));
#1843=DIRECTION('ref_axis',(1.,0.,0.));
#1844=DIRECTION('',(0.,0.,-1.));
#1845=DIRECTION('center_axis',(0.,0.,1.));
#1846=DIRECTION('ref_axis',(1.,0.,0.));
#1847=DIRECTION('center_axis',(0.,0.,1.));
#1848=DIRECTION('ref_axis',(1.,0.,0.));
#1849=DIRECTION('',(0.,0.,-1.));
#1850=DIRECTION('center_axis',(0.,0.,-1.));
#1851=DIRECTION('ref_axis',(1.,0.,0.));
#1852=DIRECTION('center_axis',(0.,0.,1.));
#1853=DIRECTION('ref_axis',(1.,0.,0.));
#1854=DIRECTION('center_axis',(0.,0.,1.));
#1855=DIRECTION('ref_axis',(1.,0.,0.));
#1856=DIRECTION('center_axis',(0.,0.,1.));
#1857=DIRECTION('ref_axis',(1.,0.,0.));
#1858=DIRECTION('',(0.,0.,-1.));
#1859=DIRECTION('center_axis',(0.,0.,-1.));
#1860=DIRECTION('ref_axis',(1.,0.,0.));
#1861=DIRECTION('center_axis',(0.,0.,1.));
#1862=DIRECTION('ref_axis',(1.,0.,0.));
#1863=DIRECTION('center_axis',(0.,0.,1.));
#1864=DIRECTION('ref_axis',(1.,0.,0.));
#1865=DIRECTION('center_axis',(0.,0.,1.));
#1866=DIRECTION('ref_axis',(1.,0.,0.));
#1867=DIRECTION('',(0.,0.,-1.));
#1868=DIRECTION('center_axis',(0.,0.,-1.));
#1869=DIRECTION('ref_axis',(1.,0.,0.));
#1870=DIRECTION('center_axis',(0.,0.,1.));
#1871=DIRECTION('ref_axis',(1.,0.,0.));
#1872=DIRECTION('center_axis',(0.,0.,1.));
#1873=DIRECTION('ref_axis',(1.,0.,0.));
#1874=DIRECTION('center_axis',(0.,0.,1.));
#1875=DIRECTION('ref_axis',(1.,0.,0.));
#1876=DIRECTION('',(0.,0.,-1.));
#1877=DIRECTION('center_axis',(0.,0.,-1.));
#1878=DIRECTION('ref_axis',(1.,0.,0.));
#1879=DIRECTION('center_axis',(0.,0.,1.));
#1880=DIRECTION('ref_axis',(1.,0.,0.));
#1881=DIRECTION('center_axis',(0.,0.,1.));
#1882=DIRECTION('ref_axis',(1.,0.,0.));
#1883=DIRECTION('',(1.,0.,0.));
#1884=DIRECTION('',(0.,1.,0.));
#1885=DIRECTION('',(-1.,0.,0.));
#1886=DIRECTION('',(0.,-1.,0.));
#1887=DIRECTION('',(1.,0.,0.));
#1888=DIRECTION('',(0.,-1.,0.));
#1889=DIRECTION('',(-1.,0.,0.));
#1890=DIRECTION('',(0.,1.,0.));
#1891=DIRECTION('center_axis',(1.,0.,0.));
#1892=DIRECTION('ref_axis',(0.,1.,0.));
#1893=DIRECTION('',(0.,-1.,0.));
#1894=DIRECTION('',(0.,0.,1.));
#1895=DIRECTION('',(0.,1.,0.));
#1896=DIRECTION('',(0.,0.,1.));
#1897=DIRECTION('center_axis',(0.,1.,0.));
#1898=DIRECTION('ref_axis',(-1.,0.,0.));
#1899=DIRECTION('',(1.,0.,0.));
#1900=DIRECTION('',(0.,0.,1.));
#1901=DIRECTION('',(-1.,0.,0.));
#1902=DIRECTION('center_axis',(-1.,0.,0.));
#1903=DIRECTION('ref_axis',(0.,-1.,0.));
#1904=DIRECTION('',(0.,0.,1.));
#1905=DIRECTION('',(0.,-1.,0.));
#1906=DIRECTION('',(0.,0.,1.));
#1907=DIRECTION('center_axis',(0.,-1.,0.));
#1908=DIRECTION('ref_axis',(1.,0.,0.));
#1909=DIRECTION('',(1.,0.,0.));
#1910=DIRECTION('',(0.,0.,1.));
#1911=DIRECTION('center_axis',(1.,0.,0.));
#1912=DIRECTION('ref_axis',(0.,1.,0.));
#1913=DIRECTION('',(0.,1.,0.));
#1914=DIRECTION('',(0.,0.,1.));
#1915=DIRECTION('center_axis',(0.,1.,0.));
#1916=DIRECTION('ref_axis',(-1.,0.,0.));
#1917=DIRECTION('',(-1.,0.,0.));
#1918=DIRECTION('center_axis',(-1.,0.,0.));
#1919=DIRECTION('ref_axis',(0.,-1.,0.));
#1920=DIRECTION('',(0.,0.,1.));
#1921=DIRECTION('',(0.,-1.,0.));
#1922=DIRECTION('',(0.,0.,1.));
#1923=DIRECTION('center_axis',(0.,-1.,0.));
#1924=DIRECTION('ref_axis',(1.,0.,0.));
#1925=DIRECTION('',(1.,0.,0.));
#1926=DIRECTION('',(0.,0.,1.));
#1927=DIRECTION('center_axis',(1.,0.,0.));
#1928=DIRECTION('ref_axis',(0.,1.,0.));
#1929=DIRECTION('',(0.,1.,0.));
#1930=DIRECTION('',(0.,0.,1.));
#1931=DIRECTION('center_axis',(0.,1.,0.));
#1932=DIRECTION('ref_axis',(-1.,0.,0.));
#1933=DIRECTION('',(-1.,0.,0.));
#1934=DIRECTION('center_axis',(0.,-1.,0.));
#1935=DIRECTION('ref_axis',(1.,0.,0.));
#1936=DIRECTION('',(-1.,0.,0.));
#1937=DIRECTION('',(1.,0.,0.));
#1938=DIRECTION('',(0.,0.,1.));
#1939=DIRECTION('center_axis',(-1.,0.,0.));
#1940=DIRECTION('ref_axis',(0.,-1.,0.));
#1941=DIRECTION('',(0.,1.,0.));
#1942=DIRECTION('',(0.,-1.,0.));
#1943=DIRECTION('center_axis',(0.,0.,1.));
#1944=DIRECTION('ref_axis',(1.,0.,0.));
#1945=DIRECTION('center_axis',(1.,0.,0.));
#1946=DIRECTION('ref_axis',(0.,1.,0.));
#1947=DIRECTION('',(0.,-1.,0.));
#1948=DIRECTION('',(0.,0.,1.));
#1949=DIRECTION('',(0.,0.,1.));
#1950=DIRECTION('center_axis',(0.,-1.,0.));
#1951=DIRECTION('ref_axis',(1.,0.,0.));
#1952=DIRECTION('',(-1.,0.,0.));
#1953=DIRECTION('',(0.,0.,1.));
#1954=DIRECTION('center_axis',(0.,1.,0.));
#1955=DIRECTION('ref_axis',(-1.,0.,0.));
#1956=DIRECTION('',(1.,0.,0.));
#1957=DIRECTION('',(0.,0.,1.));
#1958=DIRECTION('center_axis',(-1.,0.,0.));
#1959=DIRECTION('ref_axis',(0.,-1.,0.));
#1960=DIRECTION('',(0.,1.,0.));
#1961=DIRECTION('center_axis',(-1.,0.,0.));
#1962=DIRECTION('ref_axis',(0.,-1.,0.));
#1963=DIRECTION('',(0.,0.,1.));
#1964=DIRECTION('',(0.,0.,1.));
#1965=DIRECTION('center_axis',(0.,1.,0.));
#1966=DIRECTION('ref_axis',(-1.,0.,0.));
#1967=DIRECTION('',(0.,0.,1.));
#1968=DIRECTION('center_axis',(1.,0.,0.));
#1969=DIRECTION('ref_axis',(0.,1.,0.));
#1970=DIRECTION('',(0.,0.,1.));
#1971=DIRECTION('center_axis',(0.,-1.,0.));
#1972=DIRECTION('ref_axis',(1.,0.,0.));
#1973=DIRECTION('center_axis',(0.,0.,1.));
#1974=DIRECTION('ref_axis',(1.,0.,0.));
#1975=DIRECTION('center_axis',(0.,0.,-1.));
#1976=DIRECTION('ref_axis',(1.,0.,0.));
#1977=DIRECTION('',(0.,0.,-1.));
#1978=DIRECTION('center_axis',(0.,0.,1.));
#1979=DIRECTION('ref_axis',(1.,0.,0.));
#1980=DIRECTION('center_axis',(0.,0.,-1.));
#1981=DIRECTION('ref_axis',(1.,0.,0.));
#1982=DIRECTION('',(0.,0.,-1.));
#1983=DIRECTION('center_axis',(0.,0.,1.));
#1984=DIRECTION('ref_axis',(1.,0.,0.));
#1985=DIRECTION('center_axis',(0.,0.,-1.));
#1986=DIRECTION('ref_axis',(1.,0.,0.));
#1987=DIRECTION('',(0.,0.,-1.));
#1988=DIRECTION('center_axis',(0.,0.,1.));
#1989=DIRECTION('ref_axis',(1.,0.,0.));
#1990=DIRECTION('center_axis',(0.,0.,-1.));
#1991=DIRECTION('ref_axis',(1.,0.,0.));
#1992=DIRECTION('',(0.,0.,-1.));
#1993=DIRECTION('center_axis',(0.,0.,1.));
#1994=DIRECTION('ref_axis',(1.,0.,0.));
#1995=DIRECTION('center_axis',(0.,0.,-1.));
#1996=DIRECTION('ref_axis',(1.,0.,0.));
#1997=DIRECTION('',(0.,0.,-1.));
#1998=DIRECTION('center_axis',(0.,0.,1.));
#1999=DIRECTION('ref_axis',(1.,0.,0.));
#2000=DIRECTION('center_axis',(0.,0.,-1.));
#2001=DIRECTION('ref_axis',(1.,0.,0.));
#2002=DIRECTION('',(0.,0.,-1.));
#2003=DIRECTION('center_axis',(0.,0.,1.));
#2004=DIRECTION('ref_axis',(1.,0.,0.));
#2005=DIRECTION('center_axis',(0.,0.,-1.));
#2006=DIRECTION('ref_axis',(1.,0.,0.));
#2007=DIRECTION('',(0.,0.,-1.));
#2008=DIRECTION('center_axis',(0.,0.,1.));
#2009=DIRECTION('ref_axis',(1.,0.,0.));
#2010=DIRECTION('center_axis',(0.,0.,-1.));
#2011=DIRECTION('ref_axis',(1.,0.,0.));
#2012=DIRECTION('',(0.,0.,-1.));
#2013=DIRECTION('center_axis',(0.,0.,1.));
#2014=DIRECTION('ref_axis',(1.,0.,0.));
#2015=DIRECTION('center_axis',(0.,0.,-1.));
#2016=DIRECTION('ref_axis',(1.,0.,0.));
#2017=DIRECTION('',(0.,0.,-1.));
#2018=DIRECTION('center_axis',(0.,0.,1.));
#2019=DIRECTION('ref_axis',(1.,0.,0.));
#2020=DIRECTION('center_axis',(-1.,0.,0.));
#2021=DIRECTION('ref_axis',(0.,-1.,0.));
#2022=DIRECTION('',(0.,1.,0.));
#2023=DIRECTION('',(0.,0.,1.));
#2024=DIRECTION('',(0.,-1.,0.));
#2025=DIRECTION('',(0.,0.,1.));
#2026=DIRECTION('center_axis',(0.,1.,0.));
#2027=DIRECTION('ref_axis',(-1.,0.,0.));
#2028=DIRECTION('',(1.,0.,0.));
#2029=DIRECTION('',(-1.,0.,0.));
#2030=DIRECTION('',(0.,0.,1.));
#2031=DIRECTION('center_axis',(1.,0.,0.));
#2032=DIRECTION('ref_axis',(0.,1.,0.));
#2033=DIRECTION('',(0.,-1.,0.));
#2034=DIRECTION('',(0.,1.,0.));
#2035=DIRECTION('',(0.,0.,1.));
#2036=DIRECTION('center_axis',(0.,-1.,0.));
#2037=DIRECTION('ref_axis',(1.,0.,0.));
#2038=DIRECTION('',(-1.,0.,0.));
#2039=DIRECTION('',(1.,0.,0.));
#2040=DIRECTION('center_axis',(0.,0.,1.));
#2041=DIRECTION('ref_axis',(1.,0.,0.));
#2042=DIRECTION('center_axis',(0.,0.,1.));
#2043=DIRECTION('ref_axis',(1.,0.,0.));
#2044=DIRECTION('center_axis',(0.,1.,0.));
#2045=DIRECTION('ref_axis',(-1.,0.,0.));
#2046=DIRECTION('',(-1.,0.,0.));
#2047=DIRECTION('',(0.,0.,1.));
#2048=DIRECTION('',(-1.,0.,0.));
#2049=DIRECTION('',(0.,0.,1.));
#2050=DIRECTION('center_axis',(1.,0.,0.));
#2051=DIRECTION('ref_axis',(0.,1.,0.));
#2052=DIRECTION('',(0.,1.,0.));
#2053=DIRECTION('',(0.,1.,0.));
#2054=DIRECTION('',(0.,0.,1.));
#2055=DIRECTION('center_axis',(0.,-1.,0.));
#2056=DIRECTION('ref_axis',(1.,0.,0.));
#2057=DIRECTION('',(1.,0.,0.));
#2058=DIRECTION('',(1.,0.,0.));
#2059=DIRECTION('',(0.,0.,1.));
#2060=DIRECTION('center_axis',(-1.,0.,0.));
#2061=DIRECTION('ref_axis',(0.,-1.,0.));
#2062=DIRECTION('',(0.,-1.,0.));
#2063=DIRECTION('',(0.,-1.,0.));
#2064=DIRECTION('center_axis',(0.,0.,1.));
#2065=DIRECTION('ref_axis',(1.,0.,0.));
#2066=DIRECTION('center_axis',(0.,0.,1.));
#2067=DIRECTION('ref_axis',(1.,0.,0.));
#2068=DIRECTION('center_axis',(-6.65371188603076E-6,0.999999999977864,0.));
#2069=DIRECTION('ref_axis',(-0.999999999977864,-6.65371188603076E-6,0.));
#2070=DIRECTION('',(-0.999999999977864,-6.65371188603076E-6,0.));
#2071=DIRECTION('',(0.,0.,1.));
#2072=DIRECTION('',(-0.999999999977864,-6.65371188603076E-6,0.));
#2073=DIRECTION('',(0.,0.,1.));
#2074=DIRECTION('center_axis',(0.,0.,1.));
#2075=DIRECTION('ref_axis',(1.,0.,0.));
#2076=DIRECTION('center_axis',(0.,0.,-1.));
#2077=DIRECTION('ref_axis',(1.,0.,0.));
#2078=DIRECTION('center_axis',(0.,0.,-1.));
#2079=DIRECTION('ref_axis',(1.,0.,0.));
#2080=DIRECTION('',(0.,0.,1.));
#2081=DIRECTION('center_axis',(0.000110255879429477,-0.999999993921821,
0.));
#2082=DIRECTION('ref_axis',(0.999999993921821,0.000110255879429477,0.));
#2083=DIRECTION('',(0.99999999392182,0.000110255879429477,0.));
#2084=DIRECTION('',(0.99999999392182,0.000110255879429477,0.));
#2085=DIRECTION('',(0.,0.,1.));
#2086=DIRECTION('center_axis',(0.,0.,1.));
#2087=DIRECTION('ref_axis',(-0.999906292428152,0.0136896443557755,0.));
#2088=DIRECTION('center_axis',(0.,0.,-1.));
#2089=DIRECTION('ref_axis',(1.,0.,0.));
#2090=DIRECTION('center_axis',(0.,0.,-1.));
#2091=DIRECTION('ref_axis',(1.,0.,0.));
#2092=DIRECTION('center_axis',(-1.,2.77555756156289E-16,0.));
#2093=DIRECTION('ref_axis',(-2.77555756156289E-16,-1.,0.));
#2094=DIRECTION('',(2.77555756156289E-16,1.,0.));
#2095=DIRECTION('',(0.,0.,1.));
#2096=DIRECTION('',(-2.77555756156289E-16,-1.,0.));
#2097=DIRECTION('',(0.,0.,1.));
#2098=DIRECTION('center_axis',(0.,1.,0.));
#2099=DIRECTION('ref_axis',(-1.,0.,0.));
#2100=DIRECTION('',(1.,0.,0.));
#2101=DIRECTION('',(-1.,0.,0.));
#2102=DIRECTION('',(0.,0.,1.));
#2103=DIRECTION('center_axis',(1.,0.,0.));
#2104=DIRECTION('ref_axis',(0.,1.,0.));
#2105=DIRECTION('',(0.,-1.,0.));
#2106=DIRECTION('',(0.,1.,0.));
#2107=DIRECTION('',(0.,0.,1.));
#2108=DIRECTION('center_axis',(0.,-1.,0.));
#2109=DIRECTION('ref_axis',(1.,0.,0.));
#2110=DIRECTION('',(-1.,0.,0.));
#2111=DIRECTION('',(1.,0.,0.));
#2112=DIRECTION('center_axis',(0.,0.,1.));
#2113=DIRECTION('ref_axis',(1.,0.,0.));
#2114=DIRECTION('center_axis',(0.,0.,1.));
#2115=DIRECTION('ref_axis',(1.,0.,0.));
#2116=CARTESIAN_POINT('',(0.,0.,0.));
#2117=CARTESIAN_POINT('Origin',(50.0008068260639,-0.618479271442639,0.25));
#2118=CARTESIAN_POINT('',(52.9005568260639,1.15675309010893,0.));
#2119=CARTESIAN_POINT('',(52.8680568260326,0.685889325879356,0.24999999996865));
#2120=CARTESIAN_POINT('Ctrl Pts',(52.9005568260639,1.15675309010893,-1.31767198489705E-30));
#2121=CARTESIAN_POINT('Ctrl Pts',(52.8965070824483,1.15196190095938,-1.35885477786628E-17));
#2122=CARTESIAN_POINT('Ctrl Pts',(52.8926198830908,1.14700001055123,0.000212836668862094));
#2123=CARTESIAN_POINT('Ctrl Pts',(52.8726266189345,1.11953704872732,0.00243911964181294));
#2124=CARTESIAN_POINT('Ctrl Pts',(52.8599563381795,1.09492528400254,0.00804138737914611));
#2125=CARTESIAN_POINT('Ctrl Pts',(52.8357383678288,1.03186995166433,0.027930528213874));
#2126=CARTESIAN_POINT('Ctrl Pts',(52.8277789894473,0.992013306336184,0.045437838583168));
#2127=CARTESIAN_POINT('Ctrl Pts',(52.8187030625452,0.890552942100893,0.0974986566192577));
#2128=CARTESIAN_POINT('Ctrl Pts',(52.8250830556698,0.826374241218179,0.13853126015918));
#2129=CARTESIAN_POINT('Ctrl Pts',(52.8466546136549,0.739935423083648,0.20339019452877));
#2130=CARTESIAN_POINT('Ctrl Pts',(52.8563677714186,0.711584088790378,0.226621890703882));
#2131=CARTESIAN_POINT('Ctrl Pts',(52.8680568260389,0.685889325865337,0.249999999950053));
#2132=CARTESIAN_POINT('',(49.9831823448761,2.5314714230386,0.25));
#2133=CARTESIAN_POINT('Origin',(50.0008068260639,-0.618479271442639,0.25));
#2134=CARTESIAN_POINT('',(49.9817835765279,2.7814675099022,0.));
#2135=CARTESIAN_POINT('Origin',(49.9817835765279,2.7814675099022,0.25));
#2136=CARTESIAN_POINT('Origin',(50.0008068260639,-0.618479271442639,0.));
#2137=CARTESIAN_POINT('Origin',(82.6196848511786,2.96408182130437,0.25));
#2138=CARTESIAN_POINT('',(42.5319058338299,2.73978424471413,0.));
#2139=CARTESIAN_POINT('',(82.6196848511786,2.96408182130437,0.));
#2140=CARTESIAN_POINT('',(42.5125636028732,2.48967210862072,0.25));
#2141=CARTESIAN_POINT('',(82.6210836195269,2.71408573444078,0.25));
#2142=CARTESIAN_POINT('Ctrl Pts',(42.5125636028733,2.48967210862072,0.25));
#2143=CARTESIAN_POINT('Ctrl Pts',(42.5125636028747,2.48967210862048,0.217554782274174));
#2144=CARTESIAN_POINT('Ctrl Pts',(42.5130632706293,2.49599092932113,0.185426508368524));
#2145=CARTESIAN_POINT('Ctrl Pts',(42.5149975442027,2.52056598793746,0.125332409324504));
#2146=CARTESIAN_POINT('Ctrl Pts',(42.5164146957948,2.53860579079738,0.0979585491676309));
#2147=CARTESIAN_POINT('Ctrl Pts',(42.5199710109719,2.58419547348852,0.051569465215328));
#2148=CARTESIAN_POINT('Ctrl Pts',(42.522078186223,2.61134302643921,0.0330296152011177));
#2149=CARTESIAN_POINT('Ctrl Pts',(42.526720932068,2.67165167071041,0.00719519009754104));
#2150=CARTESIAN_POINT('Ctrl Pts',(42.5292174218021,2.70431662793269,0.000331442158706625));
#2151=CARTESIAN_POINT('Ctrl Pts',(42.5317835364237,2.73817035826482,3.9035365602514E-6));
#2152=CARTESIAN_POINT('Ctrl Pts',(42.5318446907982,2.73897729874908,-1.84038178889894E-18));
#2153=CARTESIAN_POINT('Ctrl Pts',(42.5319058338299,2.73978424471418,0.));
#2154=CARTESIAN_POINT('Origin',(42.0008068260639,-0.618479271442639,0.25));
#2155=CARTESIAN_POINT('',(39.1335568260953,0.685889325879372,0.24999999996865));
#2156=CARTESIAN_POINT('Origin',(42.0008068260639,-0.618479271442639,0.25));
#2157=CARTESIAN_POINT('',(39.1010568260639,1.15675309010895,0.));
#2158=CARTESIAN_POINT('Ctrl Pts',(39.1335568260889,0.685889325865352,0.249999999950054));
#2159=CARTESIAN_POINT('Ctrl Pts',(39.1383953121107,0.696525237432517,0.240323027904226));
#2160=CARTESIAN_POINT('Ctrl Pts',(39.1429087665713,0.707646157743043,0.230644540400205));
#2161=CARTESIAN_POINT('Ctrl Pts',(39.1708138663969,0.784932961267571,0.166083255147462));
#2162=CARTESIAN_POINT('Ctrl Pts',(39.1837541941054,0.865765412001048,0.111142456025706));
#2163=CARTESIAN_POINT('Ctrl Pts',(39.1744997990976,0.9923381123543,0.0448037439759629));
#2164=CARTESIAN_POINT('Ctrl Pts',(39.1648335147711,1.03686674932428,0.0257627535611031));
#2165=CARTESIAN_POINT('Ctrl Pts',(39.1377295325447,1.10327575571789,0.00589335411301682));
#2166=CARTESIAN_POINT('Ctrl Pts',(39.1232778088568,1.12947020602997,0.000582108091918706));
#2167=CARTESIAN_POINT('Ctrl Pts',(39.1031901000786,1.15420379343036,1.492526588153E-5));
#2168=CARTESIAN_POINT('Ctrl Pts',(39.102129314778,1.15548424526895,2.44178710334566E-17));
#2169=CARTESIAN_POINT('Ctrl Pts',(39.1010568260639,1.15675309010895,0.));
#2170=CARTESIAN_POINT('Origin',(42.0008068260639,-0.618479271442639,0.));
#2171=CARTESIAN_POINT('Origin',(49.9831823448761,2.5314714230386,0.));
#2172=CARTESIAN_POINT('',(49.9831823448761,2.5314714230386,2.));
#2173=CARTESIAN_POINT('',(49.9831823448761,2.5314714230386,0.));
#2174=CARTESIAN_POINT('',(42.5125636028732,2.48967210862072,2.));
#2175=CARTESIAN_POINT('',(82.6210836195269,2.71408573444078,2.));
#2176=CARTESIAN_POINT('',(42.5125636028732,2.48967210862072,0.));
#2177=CARTESIAN_POINT('Origin',(50.0008068260639,-0.618479271442639,0.));
#2178=CARTESIAN_POINT('',(53.1508068260639,-0.618479271442639,0.899999999999993));
#2179=CARTESIAN_POINT('Ctrl Pts',(52.8680568260389,0.68588932586534,0.249999999950056));
#2180=CARTESIAN_POINT('Ctrl Pts',(52.8924994175664,0.632159865725631,0.298885183004033));
#2181=CARTESIAN_POINT('Ctrl Pts',(52.9154118381904,0.577784499218729,0.346149580718383));
#2182=CARTESIAN_POINT('Ctrl Pts',(52.9964984535568,0.369204367028227,0.518044713181122));
#2183=CARTESIAN_POINT('Ctrl Pts',(53.0519219155882,0.189322334279339,0.64747508485269));
#2184=CARTESIAN_POINT('Ctrl Pts',(53.1291549953857,-0.199808768809545,0.83995281946135));
#2185=CARTESIAN_POINT('Ctrl Pts',(53.1508068260639,-0.410565890387596,0.899999999999993));
#2186=CARTESIAN_POINT('Ctrl Pts',(53.1508068260639,-0.618479271442639,0.899999999999993));
#2187=CARTESIAN_POINT('',(52.8680568260326,-1.92284786876463,0.24999999996865));
#2188=CARTESIAN_POINT('Ctrl Pts',(53.1508068260639,-0.618479271442639,0.899999999999993));
#2189=CARTESIAN_POINT('Ctrl Pts',(53.1508068260639,-0.826392652497683,0.899999999999993));
#2190=CARTESIAN_POINT('Ctrl Pts',(53.1291549953857,-1.03714977407573,0.83995281946135));
#2191=CARTESIAN_POINT('Ctrl Pts',(53.0519219155882,-1.42628087716462,0.647475084852691));
#2192=CARTESIAN_POINT('Ctrl Pts',(52.9964984535568,-1.6061629099135,0.518044713181122));
#2193=CARTESIAN_POINT('Ctrl Pts',(52.9154118381904,-1.81474304210401,0.346149580718382));
#2194=CARTESIAN_POINT('Ctrl Pts',(52.8924994175664,-1.86911840861091,0.29888518300403));
#2195=CARTESIAN_POINT('Ctrl Pts',(52.8680568260389,-1.92284786875062,0.249999999950052));
#2196=CARTESIAN_POINT('',(49.9864334872474,-3.7684464787531,0.25));
#2197=CARTESIAN_POINT('Origin',(50.0008068260639,-0.618479271442639,0.25));
#2198=CARTESIAN_POINT('',(49.9864334872474,-3.7684464787531,2.));
#2199=CARTESIAN_POINT('',(49.9864334872474,-3.7684464787531,0.));
#2200=CARTESIAN_POINT('Origin',(50.0008068260639,-0.618479271442639,2.));
#2201=CARTESIAN_POINT('Origin',(55.0008068260639,-0.618479271442639,0.5));
#2202=CARTESIAN_POINT('',(52.9005568260639,-2.39371163299421,0.));
#2203=CARTESIAN_POINT('Origin',(55.0008068260639,-0.618479271442639,0.));
#2204=CARTESIAN_POINT('Ctrl Pts',(52.8680568260389,-1.92284786875062,0.249999999950053));
#2205=CARTESIAN_POINT('Ctrl Pts',(52.8632183400172,-1.93348378031774,0.24032302790426));
#2206=CARTESIAN_POINT('Ctrl Pts',(52.8587048855565,-1.94460470062826,0.230644540400247));
#2207=CARTESIAN_POINT('Ctrl Pts',(52.8307997857309,-2.02189150415271,0.166083255147562));
#2208=CARTESIAN_POINT('Ctrl Pts',(52.8178594580224,-2.10272395488617,0.111142456025781));
#2209=CARTESIAN_POINT('Ctrl Pts',(52.8271138530303,-2.22929665524022,0.0448037439756166));
#2210=CARTESIAN_POINT('Ctrl Pts',(52.8367801373569,-2.27382529221005,0.0257627535609543));
#2211=CARTESIAN_POINT('Ctrl Pts',(52.8638841195831,-2.3402342986031,0.00589335411303529));
#2212=CARTESIAN_POINT('Ctrl Pts',(52.878335843271,-2.36642874891519,0.000582108091920449));
#2213=CARTESIAN_POINT('Ctrl Pts',(52.8984235520492,-2.39116233631563,1.49252658815188E-5));
#2214=CARTESIAN_POINT('Ctrl Pts',(52.8994843373498,-2.39244278815421,-7.10070242596503E-18));
#2215=CARTESIAN_POINT('Ctrl Pts',(52.9005568260639,-2.39371163299421,-1.31925411959926E-30));
#2216=CARTESIAN_POINT('',(53.2508068260639,-0.618479271442639,1.));
#2217=CARTESIAN_POINT('',(52.7508068260639,-0.618479271442639,0.5));
#2218=CARTESIAN_POINT('Origin',(55.0008068260639,-0.618479271442639,1.));
#2219=CARTESIAN_POINT('Origin',(78.609753215807,-4.14905763868225,0.25));
#2220=CARTESIAN_POINT('',(42.4647591673755,-3.73412498701934,0.25));
#2221=CARTESIAN_POINT('',(78.6108939569829,-3.89906024127666,0.25));
#2222=CARTESIAN_POINT('',(49.9852927460714,-4.01844387615869,0.));
#2223=CARTESIAN_POINT('Origin',(49.9852927460714,-4.01844387615869,0.25));
#2224=CARTESIAN_POINT('',(42.4823371815643,-3.98420779833421,0.));
#2225=CARTESIAN_POINT('',(78.609753215807,-4.14905763868225,0.));
#2226=CARTESIAN_POINT('Ctrl Pts',(42.4823371815643,-3.98420779833421,0.));
#2227=CARTESIAN_POINT('Ctrl Pts',(42.4822808136622,-3.9833894408045,3.58296375959892E-18));
#2228=CARTESIAN_POINT('Ctrl Pts',(42.4822244352425,-3.98257108884573,4.01564521640266E-6));
#2229=CARTESIAN_POINT('Ctrl Pts',(42.4798944190502,-3.94875665489646,0.000335877266339336));
#2230=CARTESIAN_POINT('Ctrl Pts',(42.4776287310101,-3.91614299625509,0.00718511524000919));
#2231=CARTESIAN_POINT('Ctrl Pts',(42.4734115538735,-3.85587270773432,0.032975208867581));
#2232=CARTESIAN_POINT('Ctrl Pts',(42.471496147386,-3.82872108711967,0.0515042929300033));
#2233=CARTESIAN_POINT('Ctrl Pts',(42.4682622990387,-3.78310610805166,0.0978841891618857));
#2234=CARTESIAN_POINT('Ctrl Pts',(42.4669733682929,-3.76505150417682,0.125265587579216));
#2235=CARTESIAN_POINT('Ctrl Pts',(42.4652137432196,-3.7404509024383,0.185385364186875));
#2236=CARTESIAN_POINT('Ctrl Pts',(42.4647591673757,-3.73412498701932,0.217534734611587));
#2237=CARTESIAN_POINT('Ctrl Pts',(42.4647591673755,-3.73412498701934,0.25));
#2238=CARTESIAN_POINT('Origin',(42.0008068260639,-0.618479271442639,0.25));
#2239=CARTESIAN_POINT('',(39.1010568260639,-2.39371163299423,0.));
#2240=CARTESIAN_POINT('Origin',(42.0008068260639,-0.618479271442639,0.));
#2241=CARTESIAN_POINT('',(39.1335568260953,-1.92284786876465,0.24999999996865));
#2242=CARTESIAN_POINT('Ctrl Pts',(39.1010568260639,-2.39371163299423,0.));
#2243=CARTESIAN_POINT('Ctrl Pts',(39.1051065696795,-2.38892044384466,1.2859208726299E-17));
#2244=CARTESIAN_POINT('Ctrl Pts',(39.108993769037,-2.38395855343652,0.000212836668862551));
#2245=CARTESIAN_POINT('Ctrl Pts',(39.1289870331933,-2.35649559161263,0.00243911964181209));
#2246=CARTESIAN_POINT('Ctrl Pts',(39.1416573139483,-2.33188382688788,0.00804138737913197));
#2247=CARTESIAN_POINT('Ctrl Pts',(39.165875284299,-2.26882849454964,0.0279305282138693));
#2248=CARTESIAN_POINT('Ctrl Pts',(39.1738346626805,-2.22897184922152,0.0454378385831496));
#2249=CARTESIAN_POINT('Ctrl Pts',(39.1829105895827,-2.12751148498619,0.0974986566192576));
#2250=CARTESIAN_POINT('Ctrl Pts',(39.1765305964581,-2.06333278410346,0.138531260159192));
#2251=CARTESIAN_POINT('Ctrl Pts',(39.1549590384729,-1.97689396596893,0.203390194528782));
#2252=CARTESIAN_POINT('Ctrl Pts',(39.1452458807093,-1.94854263167566,0.22662189070389));
#2253=CARTESIAN_POINT('Ctrl Pts',(39.1335568260889,-1.92284786875063,0.249999999950052));
#2254=CARTESIAN_POINT('Origin',(42.0008068260639,-0.618479271442639,0.25));
#2255=CARTESIAN_POINT('Origin',(50.0008068260639,-0.618479271442639,0.25));
#2256=CARTESIAN_POINT('Origin',(50.0008068260639,-0.618479271442639,0.));
#2257=CARTESIAN_POINT('Origin',(115.,49.184,0.));
#2258=CARTESIAN_POINT('',(10.,-18.316,0.));
#2259=CARTESIAN_POINT('',(220.,-18.316,0.));
#2260=CARTESIAN_POINT('',(10.,-18.316,0.));
#2261=CARTESIAN_POINT('',(10.,116.684,0.));
#2262=CARTESIAN_POINT('',(10.,116.684,0.));
#2263=CARTESIAN_POINT('',(220.,116.684,0.));
#2264=CARTESIAN_POINT('',(220.,116.684,0.));
#2265=CARTESIAN_POINT('',(220.,-18.316,0.));
#2266=CARTESIAN_POINT('',(34.2508068260639,-0.618479271442639,-1.31838984174237E-15));
#2267=CARTESIAN_POINT('Origin',(37.0008068260639,-0.618479271442639,0.));
#2268=CARTESIAN_POINT('Origin',(37.0008068260639,-0.618479271442639,0.));
#2269=CARTESIAN_POINT('',(102.940111844575,85.4776290172598,0.));
#2270=CARTESIAN_POINT('Origin',(104.527611844575,85.4776290172598,0.));
#2271=CARTESIAN_POINT('',(105.22,76.2852408618347,0.));
#2272=CARTESIAN_POINT('Origin',(113.72,76.2852408618347,0.));
#2273=CARTESIAN_POINT('',(202.604888155425,17.6723248937083,0.));
#2274=CARTESIAN_POINT('Origin',(204.192388155425,17.6723248937083,0.));
#2275=CARTESIAN_POINT('',(186.5,26.8647130491335,0.));
#2276=CARTESIAN_POINT('Origin',(195.,26.8647130491335,0.));
#2277=CARTESIAN_POINT('',(145.868285525989,50.9947130491335,0.));
#2278=CARTESIAN_POINT('Origin',(154.368285525989,50.9947130491335,0.));
#2279=CARTESIAN_POINT('',(202.604888155425,84.3171012045587,0.));
#2280=CARTESIAN_POINT('Origin',(204.192388155425,84.3171012045587,0.));
#2281=CARTESIAN_POINT('',(105.228285525989,28.0252415730857,0.));
#2282=CARTESIAN_POINT('Origin',(113.728285525989,28.0252415730857,0.));
#2283=CARTESIAN_POINT('',(186.5,75.1247130491335,0.));
#2284=CARTESIAN_POINT('Origin',(195.,75.1247130491335,0.));
#2285=CARTESIAN_POINT('',(102.948397370564,18.8328534176605,0.));
#2286=CARTESIAN_POINT('Origin',(104.535897370564,18.8328534176605,0.));
#2287=CARTESIAN_POINT('',(172.,-10.316,0.));
#2288=CARTESIAN_POINT('',(155.,-10.316,0.));
#2289=CARTESIAN_POINT('',(172.,-10.316,0.));
#2290=CARTESIAN_POINT('',(172.,-1.316,0.));
#2291=CARTESIAN_POINT('',(172.,-1.316,0.));
#2292=CARTESIAN_POINT('',(155.,-1.316,0.));
#2293=CARTESIAN_POINT('',(155.,-1.316,0.));
#2294=CARTESIAN_POINT('',(155.,-10.316,0.));
#2295=CARTESIAN_POINT('',(153.,-10.316,0.));
#2296=CARTESIAN_POINT('',(136.,-10.316,0.));
#2297=CARTESIAN_POINT('',(153.,-10.316,0.));
#2298=CARTESIAN_POINT('',(153.,-1.316,0.));
#2299=CARTESIAN_POINT('',(153.,-1.316,0.));
#2300=CARTESIAN_POINT('',(136.,-1.316,0.));
#2301=CARTESIAN_POINT('',(136.,-1.316,0.));
#2302=CARTESIAN_POINT('',(136.,-10.316,0.));
#2303=CARTESIAN_POINT('Origin',(55.0008068260639,-0.618479271442639,0.));
#2304=CARTESIAN_POINT('',(53.2508068260639,-0.618479271442639,2.));
#2305=CARTESIAN_POINT('',(53.2508068260639,-0.618479271442639,0.));
#2306=CARTESIAN_POINT('Origin',(55.0008068260639,-0.618479271442639,2.));
#2307=CARTESIAN_POINT('Origin',(37.0008068260639,-0.618479271442639,0.5));
#2308=CARTESIAN_POINT('Ctrl Pts',(39.1335568260889,-1.92284786875063,0.249999999950052));
#2309=CARTESIAN_POINT('Ctrl Pts',(39.1091142345614,-1.86911840861092,0.298885183004032));
#2310=CARTESIAN_POINT('Ctrl Pts',(39.0862018139374,-1.81474304210401,0.346149580718394));
#2311=CARTESIAN_POINT('Ctrl Pts',(39.005115198571,-1.6061629099135,0.518044713181138));
#2312=CARTESIAN_POINT('Ctrl Pts',(38.9496917365396,-1.42628087716461,0.647475084852705));
#2313=CARTESIAN_POINT('Ctrl Pts',(38.8724586567421,-1.03714977407573,0.839952819461364));
#2314=CARTESIAN_POINT('Ctrl Pts',(38.8508068260639,-0.826392652497682,0.900000000000009));
#2315=CARTESIAN_POINT('Ctrl Pts',(38.8508068260639,-0.410565890387596,0.900000000000009));
#2316=CARTESIAN_POINT('Ctrl Pts',(38.8724586567421,-0.199808768809548,0.839952819461364));
#2317=CARTESIAN_POINT('Ctrl Pts',(38.9496917365396,0.189322334279336,0.647475084852705));
#2318=CARTESIAN_POINT('Ctrl Pts',(39.005115198571,0.369204367028225,0.518044713181138));
#2319=CARTESIAN_POINT('Ctrl Pts',(39.0862018139374,0.577784499218733,0.346149580718394));
#2320=CARTESIAN_POINT('Ctrl Pts',(39.1091142345614,0.63215986572564,0.298885183004037));
#2321=CARTESIAN_POINT('Ctrl Pts',(39.1335568260889,0.685889325865353,0.249999999950057));
#2322=CARTESIAN_POINT('',(35.2508068260639,-0.618479271442639,1.));
#2323=CARTESIAN_POINT('',(34.7508068260639,-0.618479271442639,0.5));
#2324=CARTESIAN_POINT('Origin',(37.0008068260639,-0.618479271442639,1.));
#2325=CARTESIAN_POINT('Origin',(37.0008068260639,-0.618479271442639,0.));
#2326=CARTESIAN_POINT('',(35.2508068260639,-0.618479271442639,2.));
#2327=CARTESIAN_POINT('',(35.2508068260639,-0.618479271442639,0.));
#2328=CARTESIAN_POINT('Origin',(37.0008068260639,-0.618479271442639,2.));
#2329=CARTESIAN_POINT('Origin',(42.4647591673755,-3.73412498701934,0.));
#2330=CARTESIAN_POINT('',(42.4647591673755,-3.73412498701934,2.));
#2331=CARTESIAN_POINT('',(42.4647591673755,-3.73412498701934,0.));
#2332=CARTESIAN_POINT('',(78.6108939569829,-3.89906024127666,2.));
#2333=CARTESIAN_POINT('Origin',(42.0008068260639,-0.618479271442639,0.));
#2334=CARTESIAN_POINT('Origin',(42.0008068260639,-0.618479271442639,2.));
#2335=CARTESIAN_POINT('Origin',(70.,106.684,0.620105873619826));
#2336=CARTESIAN_POINT('',(68.7355,106.684,1.00000000000001));
#2337=CARTESIAN_POINT('Origin',(70.,106.684,1.));
#2338=CARTESIAN_POINT('',(70.,106.684,0.240211747239651));
#2339=CARTESIAN_POINT('',(69.36775,106.684,0.620105873619826));
#2340=CARTESIAN_POINT('Origin',(70.,106.684,3.5));
#2341=CARTESIAN_POINT('',(68.7355,106.684,6.));
#2342=CARTESIAN_POINT('Origin',(70.,106.684,6.));
#2343=CARTESIAN_POINT('',(68.7355,106.684,3.5));
#2344=CARTESIAN_POINT('Origin',(42.,106.684,0.620105873619826));
#2345=CARTESIAN_POINT('',(40.7355,106.684,1.00000000000001));
#2346=CARTESIAN_POINT('Origin',(42.,106.684,1.));
#2347=CARTESIAN_POINT('',(42.,106.684,0.240211747239651));
#2348=CARTESIAN_POINT('',(41.36775,106.684,0.620105873619826));
#2349=CARTESIAN_POINT('Origin',(42.,106.684,3.5));
#2350=CARTESIAN_POINT('',(40.7355,106.684,6.));
#2351=CARTESIAN_POINT('Origin',(42.,106.684,6.));
#2352=CARTESIAN_POINT('',(40.7355,106.684,3.5));
#2353=CARTESIAN_POINT('Origin',(74.,55.684,0.620105873619826));
#2354=CARTESIAN_POINT('',(72.7355,55.684,1.));
#2355=CARTESIAN_POINT('Origin',(74.,55.684,1.));
#2356=CARTESIAN_POINT('',(74.,55.684,0.240211747239651));
#2357=CARTESIAN_POINT('',(73.36775,55.684,0.620105873619826));
#2358=CARTESIAN_POINT('Origin',(74.,55.684,3.5));
#2359=CARTESIAN_POINT('',(72.7355,55.684,6.));
#2360=CARTESIAN_POINT('Origin',(74.,55.684,6.));
#2361=CARTESIAN_POINT('',(72.7355,55.684,3.5));
#2362=CARTESIAN_POINT('Origin',(26.,55.684,0.620105873619826));
#2363=CARTESIAN_POINT('',(24.7355,55.684,1.));
#2364=CARTESIAN_POINT('Origin',(26.,55.684,1.));
#2365=CARTESIAN_POINT('',(26.,55.684,0.240211747239651));
#2366=CARTESIAN_POINT('',(25.36775,55.684,0.620105873619826));
#2367=CARTESIAN_POINT('Origin',(26.,55.684,3.5));
#2368=CARTESIAN_POINT('',(24.7355,55.684,6.));
#2369=CARTESIAN_POINT('Origin',(26.,55.684,6.));
#2370=CARTESIAN_POINT('',(24.7355,55.684,3.5));
#2371=CARTESIAN_POINT('Origin',(70.,106.684,0.));
#2372=CARTESIAN_POINT('',(66.,106.684,6.));
#2373=CARTESIAN_POINT('Origin',(70.,106.684,6.));
#2374=CARTESIAN_POINT('',(66.,106.684,2.));
#2375=CARTESIAN_POINT('',(66.,106.684,0.));
#2376=CARTESIAN_POINT('Origin',(70.,106.684,2.));
#2377=CARTESIAN_POINT('Origin',(70.,106.684,6.));
#2378=CARTESIAN_POINT('Origin',(26.,55.684,0.));
#2379=CARTESIAN_POINT('',(22.,55.684,6.));
#2380=CARTESIAN_POINT('Origin',(26.,55.684,6.));
#2381=CARTESIAN_POINT('',(22.,55.684,2.));
#2382=CARTESIAN_POINT('',(22.,55.684,0.));
#2383=CARTESIAN_POINT('Origin',(26.,55.684,2.));
#2384=CARTESIAN_POINT('Origin',(26.,55.684,6.));
#2385=CARTESIAN_POINT('Origin',(42.,106.684,0.));
#2386=CARTESIAN_POINT('',(38.,106.684,6.));
#2387=CARTESIAN_POINT('Origin',(42.,106.684,6.));
#2388=CARTESIAN_POINT('',(38.,106.684,2.));
#2389=CARTESIAN_POINT('',(38.,106.684,0.));
#2390=CARTESIAN_POINT('Origin',(42.,106.684,2.));
#2391=CARTESIAN_POINT('Origin',(42.,106.684,6.));
#2392=CARTESIAN_POINT('Origin',(74.,55.684,0.));
#2393=CARTESIAN_POINT('',(70.,55.684,6.));
#2394=CARTESIAN_POINT('Origin',(74.,55.684,6.));
#2395=CARTESIAN_POINT('',(70.,55.684,2.));
#2396=CARTESIAN_POINT('',(70.,55.684,0.));
#2397=CARTESIAN_POINT('Origin',(74.,55.684,2.));
#2398=CARTESIAN_POINT('Origin',(74.,55.684,6.));
#2399=CARTESIAN_POINT('Origin',(115.,49.184,18.));
#2400=CARTESIAN_POINT('',(10.,-18.316,18.));
#2401=CARTESIAN_POINT('',(220.,-18.316,18.));
#2402=CARTESIAN_POINT('',(10.,-18.316,18.));
#2403=CARTESIAN_POINT('',(220.,116.684,18.));
#2404=CARTESIAN_POINT('',(220.,-18.316,18.));
#2405=CARTESIAN_POINT('',(10.,116.684,18.));
#2406=CARTESIAN_POINT('',(220.,116.684,18.));
#2407=CARTESIAN_POINT('',(10.,116.684,18.));
#2408=CARTESIAN_POINT('',(13.,113.684,18.));
#2409=CARTESIAN_POINT('',(217.,113.684,18.));
#2410=CARTESIAN_POINT('',(217.,113.684,18.));
#2411=CARTESIAN_POINT('',(217.,-15.316,18.));
#2412=CARTESIAN_POINT('',(217.,-15.316,18.));
#2413=CARTESIAN_POINT('',(13.,-15.316,18.));
#2414=CARTESIAN_POINT('',(13.,-15.316,18.));
#2415=CARTESIAN_POINT('',(13.,113.684,18.));
#2416=CARTESIAN_POINT('Origin',(175.,-13.316,0.));
#2417=CARTESIAN_POINT('',(175.,1.684,2.));
#2418=CARTESIAN_POINT('',(175.,-13.316,2.));
#2419=CARTESIAN_POINT('',(175.,-13.316,2.));
#2420=CARTESIAN_POINT('',(175.,1.684,24.6));
#2421=CARTESIAN_POINT('',(175.,1.684,0.));
#2422=CARTESIAN_POINT('',(175.,-13.316,24.6));
#2423=CARTESIAN_POINT('',(175.,-13.316,24.6));
#2424=CARTESIAN_POINT('',(175.,-13.316,0.));
#2425=CARTESIAN_POINT('Origin',(175.,1.684,0.));
#2426=CARTESIAN_POINT('',(133.,1.684,2.));
#2427=CARTESIAN_POINT('',(175.,1.684,2.));
#2428=CARTESIAN_POINT('',(133.,1.684,24.6));
#2429=CARTESIAN_POINT('',(133.,1.684,0.));
#2430=CARTESIAN_POINT('',(175.,1.684,24.6));
#2431=CARTESIAN_POINT('Origin',(153.,-1.316,0.));
#2432=CARTESIAN_POINT('',(153.,-10.316,24.6));
#2433=CARTESIAN_POINT('',(153.,-10.316,0.));
#2434=CARTESIAN_POINT('',(153.,-1.316,24.6));
#2435=CARTESIAN_POINT('',(153.,-1.316,24.6));
#2436=CARTESIAN_POINT('',(153.,-1.316,0.));
#2437=CARTESIAN_POINT('Origin',(136.,-1.316,0.));
#2438=CARTESIAN_POINT('',(136.,-1.316,24.6));
#2439=CARTESIAN_POINT('',(136.,-1.316,24.6));
#2440=CARTESIAN_POINT('',(136.,-1.316,0.));
#2441=CARTESIAN_POINT('Origin',(136.,-10.316,0.));
#2442=CARTESIAN_POINT('',(136.,-10.316,24.6));
#2443=CARTESIAN_POINT('',(136.,-10.316,24.6));
#2444=CARTESIAN_POINT('',(136.,-10.316,0.));
#2445=CARTESIAN_POINT('Origin',(153.,-10.316,0.));
#2446=CARTESIAN_POINT('',(153.,-10.316,24.6));
#2447=CARTESIAN_POINT('Origin',(172.,-1.316,0.));
#2448=CARTESIAN_POINT('',(172.,-10.316,24.6));
#2449=CARTESIAN_POINT('',(172.,-10.316,0.));
#2450=CARTESIAN_POINT('',(172.,-1.316,24.6));
#2451=CARTESIAN_POINT('',(172.,-1.316,24.6));
#2452=CARTESIAN_POINT('',(172.,-1.316,0.));
#2453=CARTESIAN_POINT('Origin',(155.,-1.316,0.));
#2454=CARTESIAN_POINT('',(155.,-1.316,24.6));
#2455=CARTESIAN_POINT('',(155.,-1.316,24.6));
#2456=CARTESIAN_POINT('',(155.,-1.316,0.));
#2457=CARTESIAN_POINT('Origin',(155.,-10.316,0.));
#2458=CARTESIAN_POINT('',(155.,-10.316,24.6));
#2459=CARTESIAN_POINT('',(155.,-10.316,24.6));
#2460=CARTESIAN_POINT('',(155.,-10.316,0.));
#2461=CARTESIAN_POINT('Origin',(172.,-10.316,0.));
#2462=CARTESIAN_POINT('',(172.,-10.316,24.6));
#2463=CARTESIAN_POINT('Origin',(133.,-13.316,0.));
#2464=CARTESIAN_POINT('',(133.,-13.316,2.));
#2465=CARTESIAN_POINT('',(133.,-13.316,2.));
#2466=CARTESIAN_POINT('',(133.,-13.316,24.6));
#2467=CARTESIAN_POINT('',(133.,-13.316,24.6));
#2468=CARTESIAN_POINT('',(133.,-13.316,0.));
#2469=CARTESIAN_POINT('Origin',(133.,1.684,0.));
#2470=CARTESIAN_POINT('',(133.,1.684,2.));
#2471=CARTESIAN_POINT('',(133.,1.684,24.6));
#2472=CARTESIAN_POINT('Origin',(154.,-5.816,24.6));
#2473=CARTESIAN_POINT('Origin',(13.,-15.316,0.));
#2474=CARTESIAN_POINT('',(13.,113.684,2.));
#2475=CARTESIAN_POINT('',(13.,-15.316,2.));
#2476=CARTESIAN_POINT('',(13.,113.684,2.));
#2477=CARTESIAN_POINT('',(13.,113.684,0.));
#2478=CARTESIAN_POINT('',(13.,-15.316,0.));
#2479=CARTESIAN_POINT('Origin',(13.,113.684,0.));
#2480=CARTESIAN_POINT('',(217.,113.684,2.));
#2481=CARTESIAN_POINT('',(217.,113.684,2.));
#2482=CARTESIAN_POINT('',(217.,113.684,0.));
#2483=CARTESIAN_POINT('Origin',(217.,-15.316,0.));
#2484=CARTESIAN_POINT('',(217.,-15.316,2.));
#2485=CARTESIAN_POINT('',(13.,-15.316,2.));
#2486=CARTESIAN_POINT('',(217.,-15.316,0.));
#2487=CARTESIAN_POINT('Origin',(217.,113.684,0.));
#2488=CARTESIAN_POINT('',(217.,-15.316,2.));
#2489=CARTESIAN_POINT('Origin',(10.,116.684,0.));
#2490=CARTESIAN_POINT('',(10.,-18.316,0.));
#2491=CARTESIAN_POINT('',(10.,116.684,0.));
#2492=CARTESIAN_POINT('Origin',(220.,116.684,0.));
#2493=CARTESIAN_POINT('',(220.,116.684,0.));
#2494=CARTESIAN_POINT('Origin',(220.,-18.316,0.));
#2495=CARTESIAN_POINT('',(220.,-18.316,0.));
#2496=CARTESIAN_POINT('Origin',(10.,-18.316,0.));
#2497=CARTESIAN_POINT('Origin',(104.527611844575,85.4776290172598,0.));
#2498=CARTESIAN_POINT('',(102.940111844575,85.4776290172598,2.));
#2499=CARTESIAN_POINT('Origin',(104.527611844575,85.4776290172598,2.));
#2500=CARTESIAN_POINT('',(102.940111844575,85.4776290172598,0.));
#2501=CARTESIAN_POINT('Origin',(113.72,76.2852408618347,0.));
#2502=CARTESIAN_POINT('',(105.22,76.2852408618347,2.));
#2503=CARTESIAN_POINT('Origin',(113.72,76.2852408618347,2.));
#2504=CARTESIAN_POINT('',(105.22,76.2852408618347,0.));
#2505=CARTESIAN_POINT('Origin',(204.192388155425,17.6723248937083,0.));
#2506=CARTESIAN_POINT('',(202.604888155425,17.6723248937083,2.));
#2507=CARTESIAN_POINT('Origin',(204.192388155425,17.6723248937083,2.));
#2508=CARTESIAN_POINT('',(202.604888155425,17.6723248937083,0.));
#2509=CARTESIAN_POINT('Origin',(195.,26.8647130491335,0.));
#2510=CARTESIAN_POINT('',(186.5,26.8647130491335,2.));
#2511=CARTESIAN_POINT('Origin',(195.,26.8647130491335,2.));
#2512=CARTESIAN_POINT('',(186.5,26.8647130491335,0.));
#2513=CARTESIAN_POINT('Origin',(154.368285525989,50.9947130491335,0.));
#2514=CARTESIAN_POINT('',(145.868285525989,50.9947130491335,2.));
#2515=CARTESIAN_POINT('Origin',(154.368285525989,50.9947130491335,2.));
#2516=CARTESIAN_POINT('',(145.868285525989,50.9947130491335,0.));
#2517=CARTESIAN_POINT('Origin',(204.192388155425,84.3171012045587,0.));
#2518=CARTESIAN_POINT('',(202.604888155425,84.3171012045587,2.));
#2519=CARTESIAN_POINT('Origin',(204.192388155425,84.3171012045587,2.));
#2520=CARTESIAN_POINT('',(202.604888155425,84.3171012045587,0.));
#2521=CARTESIAN_POINT('Origin',(113.728285525989,28.0252415730857,0.));
#2522=CARTESIAN_POINT('',(105.228285525989,28.0252415730857,2.));
#2523=CARTESIAN_POINT('Origin',(113.728285525989,28.0252415730857,2.));
#2524=CARTESIAN_POINT('',(105.228285525989,28.0252415730857,0.));
#2525=CARTESIAN_POINT('Origin',(195.,75.1247130491335,0.));
#2526=CARTESIAN_POINT('',(186.5,75.1247130491335,2.));
#2527=CARTESIAN_POINT('Origin',(195.,75.1247130491335,2.));
#2528=CARTESIAN_POINT('',(186.5,75.1247130491335,0.));
#2529=CARTESIAN_POINT('Origin',(104.535897370564,18.8328534176605,0.));
#2530=CARTESIAN_POINT('',(102.948397370564,18.8328534176605,2.));
#2531=CARTESIAN_POINT('Origin',(104.535897370564,18.8328534176605,2.));
#2532=CARTESIAN_POINT('',(102.948397370564,18.8328534176605,0.));
#2533=CARTESIAN_POINT('Origin',(115.,49.184,2.));
#2534=CARTESIAN_POINT('Origin',(100.,113.684,0.));
#2535=CARTESIAN_POINT('',(100.,110.684,0.));
#2536=CARTESIAN_POINT('',(100.,113.684,0.));
#2537=CARTESIAN_POINT('',(100.,110.684,0.));
#2538=CARTESIAN_POINT('',(100.,110.684,30.));
#2539=CARTESIAN_POINT('',(100.,110.684,0.));
#2540=CARTESIAN_POINT('',(100.,113.684,30.));
#2541=CARTESIAN_POINT('',(100.,110.684,30.));
#2542=CARTESIAN_POINT('',(100.,113.684,0.));
#2543=CARTESIAN_POINT('Origin',(130.,113.684,0.));
#2544=CARTESIAN_POINT('',(130.,113.684,0.));
#2545=CARTESIAN_POINT('',(100.,113.684,0.));
#2546=CARTESIAN_POINT('',(130.,113.684,30.));
#2547=CARTESIAN_POINT('',(100.,113.684,30.));
#2548=CARTESIAN_POINT('',(130.,113.684,0.));
#2549=CARTESIAN_POINT('Origin',(130.,110.684,0.));
#2550=CARTESIAN_POINT('',(130.,110.684,0.));
#2551=CARTESIAN_POINT('',(130.,113.684,0.));
#2552=CARTESIAN_POINT('',(130.,110.684,30.));
#2553=CARTESIAN_POINT('',(130.,113.684,30.));
#2554=CARTESIAN_POINT('',(130.,110.684,0.));
#2555=CARTESIAN_POINT('Origin',(100.,110.684,0.));
#2556=CARTESIAN_POINT('',(130.,110.684,0.));
#2557=CARTESIAN_POINT('',(130.,110.684,30.));
#2558=CARTESIAN_POINT('Origin',(115.,112.184,30.));
#2559=CARTESIAN_POINT('Origin',(115.,112.184,0.));
#2560=CARTESIAN_POINT('Origin',(130.,-12.316,0.));
#2561=CARTESIAN_POINT('',(130.,-12.316,0.));
#2562=CARTESIAN_POINT('',(100.,-12.316,0.));
#2563=CARTESIAN_POINT('',(130.,-12.316,0.));
#2564=CARTESIAN_POINT('',(100.,-12.316,30.));
#2565=CARTESIAN_POINT('',(100.,-12.316,0.));
#2566=CARTESIAN_POINT('',(130.,-12.316,30.));
#2567=CARTESIAN_POINT('',(130.,-12.316,30.));
#2568=CARTESIAN_POINT('',(130.,-12.316,0.));
#2569=CARTESIAN_POINT('Origin',(130.,-15.316,0.));
#2570=CARTESIAN_POINT('',(130.,-15.316,0.));
#2571=CARTESIAN_POINT('',(130.,-15.316,0.));
#2572=CARTESIAN_POINT('',(130.,-15.316,30.));
#2573=CARTESIAN_POINT('',(130.,-15.316,30.));
#2574=CARTESIAN_POINT('',(130.,-15.316,0.));
#2575=CARTESIAN_POINT('Origin',(100.,-15.316,0.));
#2576=CARTESIAN_POINT('',(100.,-15.316,0.));
#2577=CARTESIAN_POINT('',(100.,-15.316,0.));
#2578=CARTESIAN_POINT('',(100.,-15.316,30.));
#2579=CARTESIAN_POINT('',(100.,-15.316,30.));
#2580=CARTESIAN_POINT('',(100.,-15.316,0.));
#2581=CARTESIAN_POINT('Origin',(100.,-12.316,0.));
#2582=CARTESIAN_POINT('',(100.,-12.316,0.));
#2583=CARTESIAN_POINT('',(100.,-12.316,30.));
#2584=CARTESIAN_POINT('Origin',(115.,-13.816,30.));
#2585=CARTESIAN_POINT('Origin',(115.,-13.816,0.));
#2586=CARTESIAN_POINT('Origin',(54.9653799862564,-5.86835974046489,0.));
#2587=CARTESIAN_POINT('',(54.9653799862564,-5.86835974046489,0.));
#2588=CARTESIAN_POINT('',(37.0008417580513,-5.86847927132643,0.));
#2589=CARTESIAN_POINT('',(54.9653799862564,-5.86835974046489,0.));
#2590=CARTESIAN_POINT('',(37.0008417580513,-5.86847927132643,4.));
#2591=CARTESIAN_POINT('',(37.0008417580513,-5.86847927132643,0.));
#2592=CARTESIAN_POINT('',(54.9653799862564,-5.86835974046489,4.));
#2593=CARTESIAN_POINT('',(54.9653799862564,-5.86835974046489,4.));
#2594=CARTESIAN_POINT('',(54.9653799862564,-5.86835974046489,0.));
#2595=CARTESIAN_POINT('Origin',(55.0008068260639,-0.618479271442639,0.));
#2596=CARTESIAN_POINT('',(55.0002279826969,4.63152069664692,0.));
#2597=CARTESIAN_POINT('Origin',(55.0008068260639,-0.618479271442639,0.));
#2598=CARTESIAN_POINT('',(55.0002279826969,4.63152069664692,4.));
#2599=CARTESIAN_POINT('Origin',(55.0008068260639,-0.618479271442639,4.));
#2600=CARTESIAN_POINT('',(55.0002279826969,4.63152069664692,0.));
#2601=CARTESIAN_POINT('Origin',(37.1445695410458,4.62955200531068,0.));
#2602=CARTESIAN_POINT('',(37.1445695410458,4.62955200531068,0.));
#2603=CARTESIAN_POINT('',(37.1445695410458,4.62955200531068,0.));
#2604=CARTESIAN_POINT('',(37.1445695410458,4.62955200531067,4.));
#2605=CARTESIAN_POINT('',(37.1445695410458,4.62955200531068,4.));
#2606=CARTESIAN_POINT('',(37.1445695410458,4.62955200531068,0.));
#2607=CARTESIAN_POINT('Origin',(37.0008068260639,-0.618479271442639,0.));
#2608=CARTESIAN_POINT('Origin',(37.0008068260639,-0.618479271442639,0.));
#2609=CARTESIAN_POINT('Origin',(37.0008068260639,-0.618479271442639,4.));
#2610=CARTESIAN_POINT('Origin',(30.0008068260639,7.38152072855736,0.));
#2611=CARTESIAN_POINT('',(30.0008068260639,-8.61847927144264,0.));
#2612=CARTESIAN_POINT('',(30.0008068260639,7.38152072855736,0.));
#2613=CARTESIAN_POINT('',(30.0008068260639,-8.61847927144264,0.));
#2614=CARTESIAN_POINT('',(30.0008068260639,-8.61847927144264,4.));
#2615=CARTESIAN_POINT('',(30.0008068260639,-8.61847927144264,0.));
#2616=CARTESIAN_POINT('',(30.0008068260639,7.38152072855736,4.));
#2617=CARTESIAN_POINT('',(30.0008068260639,-8.61847927144264,4.));
#2618=CARTESIAN_POINT('',(30.0008068260639,7.38152072855736,0.));
#2619=CARTESIAN_POINT('Origin',(62.0008068260639,7.38152072855736,0.));
#2620=CARTESIAN_POINT('',(62.0008068260639,7.38152072855736,0.));
#2621=CARTESIAN_POINT('',(30.0008068260639,7.38152072855736,0.));
#2622=CARTESIAN_POINT('',(62.0008068260639,7.38152072855736,4.));
#2623=CARTESIAN_POINT('',(30.0008068260639,7.38152072855736,4.));
#2624=CARTESIAN_POINT('',(62.0008068260639,7.38152072855736,0.));
#2625=CARTESIAN_POINT('Origin',(62.0008068260639,-8.61847927144264,0.));
#2626=CARTESIAN_POINT('',(62.0008068260639,-8.61847927144264,0.));
#2627=CARTESIAN_POINT('',(62.0008068260639,7.38152072855736,0.));
#2628=CARTESIAN_POINT('',(62.0008068260639,-8.61847927144264,4.));
#2629=CARTESIAN_POINT('',(62.0008068260639,7.38152072855736,4.));
#2630=CARTESIAN_POINT('',(62.0008068260639,-8.61847927144264,0.));
#2631=CARTESIAN_POINT('Origin',(30.0008068260639,-8.61847927144264,0.));
#2632=CARTESIAN_POINT('',(62.0008068260639,-8.61847927144264,0.));
#2633=CARTESIAN_POINT('',(62.0008068260639,-8.61847927144264,4.));
#2634=CARTESIAN_POINT('Origin',(46.0008068260639,-0.618479271442639,4.));
#2635=CARTESIAN_POINT('Origin',(46.0008068260639,-0.618479271442639,0.));
#2636=UNCERTAINTY_MEASURE_WITH_UNIT(LENGTH_MEASURE(0.01),#2640,
'DISTANCE_ACCURACY_VALUE',
'Maximum model space distance between geometric entities at asserted c
onnectivities');
#2637=UNCERTAINTY_MEASURE_WITH_UNIT(LENGTH_MEASURE(0.01),#2640,
'DISTANCE_ACCURACY_VALUE',
'Maximum model space distance between geometric entities at asserted c
onnectivities');
#2638=(
GEOMETRIC_REPRESENTATION_CONTEXT(3)
GLOBAL_UNCERTAINTY_ASSIGNED_CONTEXT((#2636))
GLOBAL_UNIT_ASSIGNED_CONTEXT((#2640,#2642,#2643))
REPRESENTATION_CONTEXT('','3D')
);
#2639=(
GEOMETRIC_REPRESENTATION_CONTEXT(3)
GLOBAL_UNCERTAINTY_ASSIGNED_CONTEXT((#2637))
GLOBAL_UNIT_ASSIGNED_CONTEXT((#2640,#2642,#2643))
REPRESENTATION_CONTEXT('','3D')
);
#2640=(
LENGTH_UNIT()
NAMED_UNIT(*)
SI_UNIT(.MILLI.,.METRE.)
);
#2641=(
LENGTH_UNIT()
NAMED_UNIT(*)
SI_UNIT($,.METRE.)
);
#2642=(
NAMED_UNIT(*)
PLANE_ANGLE_UNIT()
SI_UNIT($,.RADIAN.)
);
#2643=(
NAMED_UNIT(*)
SI_UNIT($,.STERADIAN.)
SOLID_ANGLE_UNIT()
);
#2644=SHAPE_DEFINITION_REPRESENTATION(#2645,#2646);
#2645=PRODUCT_DEFINITION_SHAPE('',$,#2648);
#2646=SHAPE_REPRESENTATION('',(#1548),#2638);
#2647=PRODUCT_DEFINITION_CONTEXT('part definition',#2652,'design');
#2648=PRODUCT_DEFINITION('2026-02-13-22-29-25-404',
'antenna switch rear panel',#2649,#2647);
#2649=PRODUCT_DEFINITION_FORMATION('',$,#2654);
#2650=PRODUCT_RELATED_PRODUCT_CATEGORY('antenna switch rear panel',
'antenna switch rear panel',(#2654));
#2651=APPLICATION_PROTOCOL_DEFINITION('international standard',
'automotive_design',2009,#2652);
#2652=APPLICATION_CONTEXT(
'Core Data for Automotive Mechanical Design Process');
#2653=PRODUCT_CONTEXT('part definition',#2652,'mechanical');
#2654=PRODUCT('2026-02-13-22-29-25-404','antenna switch rear panel',$,(#2653));
#2655=PRESENTATION_STYLE_ASSIGNMENT((#2656));
#2656=SURFACE_STYLE_USAGE(.BOTH.,#2657);
#2657=SURFACE_SIDE_STYLE('',(#2658));
#2658=SURFACE_STYLE_FILL_AREA(#2659);
#2659=FILL_AREA_STYLE('Steel - Satin',(#2660));
#2660=FILL_AREA_STYLE_COLOUR('Steel - Satin',#2661);
#2661=COLOUR_RGB('Steel - Satin',0.627450980392157,0.627450980392157,0.627450980392157);
ENDSEC;
END-ISO-10303-21;
